subtype,pc1,pc2,pc3,pc4,pc5,pc6,pc7,pc8
LUAD,-13.457557371426,-1.18185836148238,2.39295704373469,-7.80851674791789,1.1653451381225,-4.88927830292379,0.906804708131597,-5.41778276209014
LUAD,-9.88363842879115,9.05092320259442,-2.18662304036735,0.224306197689976,5.26261881990309,-12.6450038655958,-9.33025730801928,-9.308959590484
LUSC,-9.06785315749742,-5.72258952011424,-9.62376677813505,-1.74932769025774,-2.06466926231881,-2.35823465469117,-0.780143335988093,-1.65850877286709
LUAD,-11.0453830243306,11.182756319286,-2.31338785017892,7.99844442833871,-9.73780902933497,22.0228736544573,-12.4540121681275,19.0264794542598
LUAD,-20.5003653155141,0.443349145465081,-3.23717286994627,-0.678696741699331,-5.24499331649045,1.52138586329462,-3.03041269134366,1.50019810282843
LUSC,12.166663019943,2.2079651833509,-4.38981289872906,-7.70073760593375,-0.411418667259304,-4.15114640997738,0.417482442032149,-2.25641148796257
LUSC,1.07990313823118,-6.88927224581997,9.03761705245093,-1.27157241581392,-7.76567269631764,-1.4745345656505,-2.10001070804423,9.05229208631883
LUAD,5.51287010172258,-15.6809644275114,-3.56293970145554,0.692380833127821,-3.12667356233714,9.21638998037777,11.7800003017903,-3.91156692829482
LUAD,2.49873001093921,2.39776466770646,1.15535732262117,-12.9254076848836,11.9343075713462,-10.6076986336076,3.84338885524116,8.90459549511346
LUAD,-12.1524552290332,-5.01031851523822,-6.84371386734803,-3.04598506875779,0.990432111072935,-1.91384498731547,-0.0536894289464516,-3.34535588207836
LUSC,9.28801891168259,-8.38418205915178,0.104557518787636,8.39025535837146,-5.54581899563322,-1.39261989800528,5.10227452659884,-3.73738717719721
LUAD,0.0128210811916299,20.6419745602526,7.14774312561861,-9.74741707997399,15.9426854896906,-10.9036302736767,0.405710412984813,-6.43254345159282
LUAD,-16.3094085083989,-0.714374243379859,1.68356192828997,-1.6140294374687,6.369118787386,10.6068976666211,2.43586923375848,-6.23218016024639
LUAD,6.86227085145555,-4.44226200048474,5.53831041055051,-6.38541838809626,3.48188487310436,1.4664249021428,5.39995627878443,1.28077094165776
LUAD,-24.5953245363332,3.58159175861279,10.614536674609,2.5643010309615,-0.156380055833529,-18.2188474579112,3.71238201529519,17.0452228508905
LUAD,-5.85349146258783,10.1568926491592,1.31093598418767,2.82329943399314,-3.89861126039081,5.0683657777932,-1.4641648481195,-9.42786494480035
LUSC,9.83520986729769,9.81441839125816,-2.25643098884323,3.09067031194482,-5.80152990340782,-2.06437742500186,2.86929153889049,-6.75461396037473
LUAD,-5.44468868470771,0.482910201137118,12.2187350786902,-11.701646763192,1.15099131604212,-2.26758773329383,1.89269134513577,1.9524174725902
SCLC,26.2863663389938,16.9252111404051,-8.14861619869664,-10.6256334865364,15.1285155089001,-12.4251703729408,5.04204243533943,27.4206186338321
LUSC,12.421939491181,-14.5260252000428,14.9642228094334,-12.1067944010829,-15.6619195740121,-5.21630412512683,6.49145798296627,-2.68963816132925
LUSC,-3.86905237962414,-7.85209845293225,-11.3996118868766,4.38062176117621,-2.52039404126277,-2.4123947407018,0.547545210470203,0.366311328775793
LUAD,-15.614090959124,-0.10486853042916,-1.42657404602921,-1.13486983227395,-2.63105431878292,-0.168516405505017,5.37474600334531,2.85982920409623
LUAD,-7.7024228943031,-2.93095326379727,1.90936938865417,2.15421096533183,4.46723041088845,7.20390199312453,0.823530652643126,3.41588477139599
LUAD,1.62966616753725,11.8536530523059,-8.82464344609849,18.2186196489571,20.0989437992897,26.531422549089,-11.6478071251922,0.350380360181287
LUAD,7.70813632165341,-1.86162978282714,5.49348142918321,-15.5683982321254,13.4317415468322,5.734525326597,4.43998496522692,-2.50867594740079
LUSC,-5.69857490488927,13.3183885184622,14.5313898257164,-9.43545079328964,5.05324565285836,-13.4159868452361,0.332020361922701,-8.40386976789563
LUSC,41.4294822983272,-20.7329484952702,3.49056085135974,6.09849339076103,-7.84575997597428,6.90141401026022,-8.83638434237832,-14.7312196452807
LUAD,10.3160579728584,-10.149479550975,-1.01062653336983,3.37250006657846,18.3577819395726,-9.63691569306157,1.4358677492808,10.2543568346752
LUAD,10.5725949132751,7.38137334709419,-6.23352569751141,-4.20149949334238,22.0015584921623,8.89623952934839,2.92797924654864,2.58859852611858
LUSC,3.57388398560876,-2.39084415248987,-5.65145468829866,-5.48995793761684,-1.47610732694194,2.14602377571077,-1.50310752525289,-3.14478599133261
LUSC,-9.70842585233049,-10.1714207752616,-1.87258137163798,-8.37990863905678,0.794758286836257,-6.49286343286166,-2.58160182778336,3.07201585714323
LUSC,-4.15364121388391,-2.16631135835393,-1.21071224779096,-0.537716109634776,0.456554452675257,0.0233392565332342,-3.17266618798446,2.88222049885252
LUSC,-9.88913422125653,-6.02802912120765,-5.65958437208139,-1.65992818708258,0.0477504575637584,-0.784462025008491,-1.25955902010617,1.2616730526929
LUSC,34.1498001094476,-18.2944006547066,0.402153348141541,15.3130064972455,2.84718709522517,-5.114916034683,-6.28245172133054,7.14953151743302
LUAD,-7.4214123665891,-1.44028554083081,-4.52985292810272,-4.28024681826549,0.204955741639376,1.82698684256306,4.78993944513848,-2.75301020710858
LUSC,-3.79496386273569,-7.38476417354112,-3.29802018832949,3.34951850449345,-5.10235410603407,2.64683274507573,1.52401513287157,2.63906230617616
SCLC,13.3300393109764,6.522475135628,-20.4377423443004,-5.13551132670276,-21.8681702496747,-3.97852840319007,-17.7196610793915,24.4131438344131
LUAD,-14.0049804221981,-2.30196037432146,1.03131290462057,0.662402965790712,-3.48968796169614,-3.50137471617849,4.15938263489308,-1.2329716508684
LUAD,-12.2674886510058,-6.64919271814103,-0.898735249754553,-5.18066577474018,-2.71297408019206,1.11192326634777,1.63177619502892,-1.45562491242337
LUAD,-12.0836950588497,0.449575450276063,13.4001406360933,-1.83413232159848,0.251337926922288,0.735634299150926,-1.09121747267817,1.12831043804581
LUAD,-11.5643741013939,3.80641117034182,4.93428079744525,6.45448038479292,-5.76988867284562,-3.0952873298149,-1.52285762236889,3.04166906377652
LUAD,-7.57404846568272,-0.884926874647549,1.42232646530194,-3.69992623336039,10.0290487405956,-4.52955265804606,-0.672122771583034,-6.1990734380641
LUAD,-7.97883354154197,-9.28073015416798,4.83917650746913,2.73727311620027,7.10762943024418,4.59878570574285,-8.86185678027813,-2.96802464966636
LUSC,0.804077280240553,-11.4144798199367,-5.49296795860026,-0.192192234850114,-7.54926270151761,-7.77629532743323,3.49100854953042,0.553905310791889
LUAD,2.12108119248756,16.8828407126986,31.3061065591316,-5.79325890123255,11.3991737654168,4.82313524433631,-5.84515692463544,1.05309663543378
LUSC,48.1153310340486,4.44985738891339,-1.68620950236425,-21.8542269754289,-2.12748629082555,11.2111133936699,9.7117277656678,15.1242733008042
LUAD,-13.717232234462,-1.35795896597931,10.3762741406179,2.51266921191429,-12.4252641940868,3.6765943468572,2.72212949868325,-0.0345499789807378
LUSC,20.8024565162196,-7.12123868860301,-1.5320143608618,15.8941187252604,-6.55607479645091,-2.54938174305293,10.3898996535169,0.766836536636667
LUAD,17.9073579403867,-19.5558268287569,-4.39204421139415,-3.03720646079068,13.840385026894,9.59001288741753,7.06978848080099,6.17817918213577
LUSC,-8.81350729492862,-8.46551170250696,-7.37821424151793,-2.65045288873919,-2.42512419811211,-1.38111030296276,0.182077080769754,0.254600049209802
LUSC,13.8739841661546,-14.3700591461174,7.32227494692488,-2.81956376512805,-6.03721909323393,-5.5890910265098,6.74811923525617,1.30288795511441
LUSC,-7.53885008559336,0.357016614742245,-1.35712265624714,-7.81723560684,7.93115861673063,-3.21416788596443,-2.70177620911484,-2.06195581260336
LUAD,-10.2060968074416,-3.79774681941177,-0.745483599231704,2.36296655916932,-4.47694035010989,5.02075460898648,-5.0302716340956,-2.02690812256538
LUAD,-1.18616229398341,2.61210481469325,-1.5119216151214,3.58940874172765,-3.56901262857105,2.10435092425697,9.12205577818756,-3.18538820589471
LUSC,-11.2376316230849,13.8044034721451,10.8698682016074,-11.4472006489733,3.00174873918891,19.5927239382342,-1.37634089431697,-14.8199775532259
LUAD,1.67435356893762,17.5701885241543,19.5638321017043,-4.57780175210303,3.68360981839586,1.44270598120099,-7.7499366292035,8.85701395439543
LUSC,4.05005387079675,3.35795148760206,9.12649580859508,-7.89778824301616,5.12427831851206,4.1313620432696,1.59669650482918,-9.04395104312059
LUAD,-19.9623071027571,-0.19074486752688,7.26183213949429,-7.70758548970967,1.51780308919459,-7.71675649584884,-2.58376668923396,-1.41161630600226
LUAD,-23.064927336816,-2.66711725553473,-4.89092032251547,3.42627801397697,-0.745162708572307,0.448463904996527,-4.8520474692058,-0.873679463458977
LUAD,-1.38970047231512,-5.78591554951493,6.37180396364703,-2.00092129207487,-5.40995279023584,11.0208568235478,9.34048817870512,-3.8784462558479
LUAD,-0.985939832712797,10.7616274043107,1.25141537416912,2.05557743595176,6.09723114352306,7.94851815996054,10.0751626325578,-0.638742329994768
LUSC,-7.96470772081107,-4.31794836482589,-7.60861349127409,-0.79379708943087,0.466987081607468,1.11333967142751,-0.255131110432749,-3.24567019364787
LUAD,-17.7675270216056,1.81622240221799,-4.92345871829526,0.544768081088128,-3.43787857522811,8.76564622214585,-1.15222284434959,-2.50632755235638
LUSC,-8.91882728510648,-3.1793859590148,-5.8148427560467,-2.31310316414602,0.440715088196361,0.847444752610119,-0.594648697274592,-4.67909114137719
LUAD,-25.4094856673329,11.0390371771366,-1.03955893661908,18.3672988025125,5.55031621014717,7.91245248452252,-0.571771262808769,-4.54596421794006
LUSC,17.2992113633865,-0.775179434491139,-3.69073914317898,-3.43614166484509,4.41262394972736,-4.86833027289949,4.96706128535146,1.2491289557849
LUAD,5.60745712591793,15.0834157721979,16.8402651580429,4.71955263882424,13.8837052452113,-7.67684409740041,-4.57479928430995,-4.45556501311389
LUSC,7.76288033448502,7.54253574241407,6.67697975243712,-1.29931457843821,5.29987984318886,-7.11171603035128,12.8392495418398,22.7526662578516
LUAD,-16.6507530356291,-4.52082473002329,-7.78125025205909,-3.57256122206881,-0.296754936726148,-2.03538272972626,-2.05834320293978,-2.62540892640044
LUSC,28.8248997769877,6.69060286484419,11.8192735447985,-2.84798256404137,-7.8572212525092,-0.148768785186671,0.40254398198943,-1.7406056757816
LUSC,9.87633383604764,0.135972780198571,5.79159630306297,-6.24416163078072,3.3125034576499,4.81936540886377,0.772523690780852,-9.03954238906503
LUAD,-8.32680040209389,-2.65330527019129,-4.58948878399743,9.33879511484515,-4.77248242962844,2.03392424750832,2.62840617260833,-10.3263155850807
LUAD,-9.49253830521907,8.73209522238562,8.19769675813915,7.92767125032683,19.7500227388924,1.46657263561411,2.12501993734005,13.5708721853251
LUAD,-15.3525419605544,-1.36380149497764,-7.10129873786311,1.6696920872351,-0.709955556113943,3.19832130019623,-2.94843456954227,-4.45730225072146
LUAD,5.18176112211445,-3.14309357445588,11.0078838829338,0.632001822118235,2.31415462142049,-3.44804113744008,-0.64224528101096,-2.7497423712388
LUAD,4.27533399917681,-16.288999783334,-3.73754846559324,2.96651406006432,6.65993730162942,-3.42016703313614,1.94934083098537,0.813945193104295
LUAD,-10.1010815150271,5.29078687179717,5.81420835733875,-0.804440457815667,16.5109325405277,-3.71752979368798,-3.68497880025139,-4.31258687149415
LUAD,-16.349507966021,-4.42206878062111,-3.39795401216445,6.78879140117675,1.73570043207967,2.61761636916672,2.89282529812174,1.67633443262338
LUAD,3.58745345100889,4.30454701170096,16.9899422863724,11.9584259329789,13.0250652917923,1.62360047935032,2.1599785772803,2.87372493179259
LUSC,-8.37023341066359,-4.78485641718969,-8.8519535316232,4.551743927553,-4.27701380851088,1.31635081956446,0.156983021310832,-2.7694118670515
LUAD,-17.4841119554996,2.99418399932777,-5.66549480775024,-0.677231456540622,-5.12638121503646,7.15509076231734,0.372219379542616,-0.45981093971337
LUSC,-1.89214688116832,-0.884562067594448,-5.45646107060564,18.390751938537,1.58911690899284,0.17322437347429,-0.699273930738669,-8.9092386096251
LUAD,-8.02026669935558,19.5174027695983,9.82972379167128,3.44188730289578,-2.59432597029874,-17.3898826585117,0.852024315371024,2.99202276776409
LUSC,4.25879184928677,6.7692286898126,2.70480690358201,4.15684399016952,3.14567933914704,-2.28918235254774,0.267257226151799,2.8490040973423
LUSC,16.7546682167685,-6.43722203021166,4.11826707754904,0.102792166021294,-0.44206569091071,-1.97778881786716,0.574334145155138,-7.77742250832947
LUAD,-10.7802154993454,0.916497488784517,0.745789904429717,20.7274778960819,3.54690574646374,0.837909428188134,5.34193101917002,5.02293376498168
LUSC,-11.3944625660476,-2.23039201393243,-10.6663732775507,0.61076413058823,-1.98243647702432,0.279690232667245,-1.17572023247686,-3.88123762066703
LUAD,-17.3536259766753,-7.02724189405399,-8.57462239826564,-5.11488561560712,1.40850256864113,-1.31045610548197,-2.1345887231571,-2.2451409962756
LUAD,-22.8799344158377,-0.673149280617738,-3.16979003035493,3.98564898918871,-13.7609346707189,3.6178109640715,-1.85090247990111,2.90513201602084
LUAD,15.0569059209622,7.96347153189979,21.636232868537,-4.66428988168527,5.57508180014722,15.2013825139129,13.3007817393275,2.65418636584345
LUAD,-18.7154085810868,-5.84309750081278,0.927323319856777,-3.46626511133611,-9.34757014300262,-4.33143465007273,-2.15950082767532,2.3288164485435
LUAD,-14.5954954865643,-3.4635856771579,-7.11439924024888,-3.82616173334552,1.43859103184165,0.183779655604644,0.307934640356129,-3.5800333126443
LUAD,-3.86568231442953,5.6422344456806,0.393879245702597,8.21545981192292,0.642722696132636,-4.72267479803677,1.33114143399311,-5.80373974945341
LUAD,-11.3468927156245,-1.54131156016648,0.604625369726934,-2.31792113012701,4.94154772675593,1.15677912326123,1.1591912466379,0.196867943333611
LUAD,-17.8166203873046,-6.08742415904209,-6.79451562533842,-10.3366256713596,3.50277018498583,-2.72562701752773,-1.61561304866453,0.889763345621795
LUAD,-6.35969107179683,-4.83404433921489,-3.18320066697437,-12.5828115325127,3.49921798713086,0.22790286358898,-2.14752967633669,-0.392296690262398
LUSC,7.05723564424305,-6.44272431863151,10.4998153117125,-2.36140238192001,-2.30645674561266,-6.08520508547277,-6.51602398474778,19.4714623794951
LUAD,-16.9986785113373,-7.16495413006177,0.861432731485149,3.49807164462545,1.74468898689899,-3.39400190448395,2.53507106498248,0.468105476243728
LUSC,18.4969744022401,-5.4541439023553,1.47915024165359,17.9813113207644,7.71272402890399,-6.94699999885234,-6.80826998431527,-11.066154386665
LUSC,19.7896800820645,6.491068074367,8.29733294606324,-23.5957848196971,5.48211095906416,-4.02333411979446,0.556739162286493,0.927950398818211
LUSC,20.3050357907483,-3.82126827638917,2.62675967758776,-7.65195973550578,11.1067063064652,-3.17483970419845,0.704436862101428,-0.341205510471533
LUAD,-10.7796478495726,11.1005992703097,-1.08561595513947,-5.74167981233143,-0.246242448534801,0.824067014926105,8.67135296476417,-0.0679423894152534
LUSC,-9.06915241921766,-2.9831980010902,-2.49880399777372,-8.53335022179767,5.50121882318423,-2.96294849147453,1.13214783391835,-7.29760424740923
LUSC,0.114199517120412,-12.4836390608101,-2.34264854490959,-8.83302800400383,0.545291818717724,-1.26813249615631,-0.821164093352526,2.9919660419237
LUSC,11.4429248676984,-9.38043088234018,0.852215628107971,-5.25838433053225,-5.47698348018045,-8.63865110776389,-2.31914460088675,0.0389476064117926
LUAD,-9.84902947814075,4.13210496857831,8.55587106765899,-6.52576089915515,2.3514208078433,-10.7756507641774,-4.64464368614418,3.76990651366637
LUSC,16.6577517728415,-0.576719710384234,17.3208167004577,-12.7321350708782,0.668862674597786,9.1967552798012,3.69334705350116,-9.99705146342141
LUSC,5.77408354584859,-9.08209171183073,-0.153370585891912,-9.37963807344394,5.72182331508026,-5.10215601241235,5.90703152074071,6.29299880708004
LUAD,-12.0039711799178,-0.100267228488389,13.4876107665326,-17.0470245295973,-1.74777067364082,3.51587183426212,-2.49079373175533,-2.14067229361083
LUAD,-19.5645036147747,-3.39514346022381,-0.705552096869697,2.09366572885802,0.582449286304377,-2.21403522995575,-6.70588141566795,7.18177843853752
LUSC,3.2548230467501,0.539468707477633,7.48969441094644,3.74225926863777,-4.50802567757056,-2.27152597054107,-5.40249940401481,-3.83171283023311
LUAD,-10.962296134111,17.673090240634,2.35486801630902,-0.331930826468936,-0.658590251104966,0.587141706179947,2.90453643746211,3.60704720119723
LUAD,-8.84929503586581,10.7361812850573,6.00145005907074,3.44960795537197,-4.92980161645315,7.3733927344181,11.1678676650415,-3.69208928874062
LUSC,7.64503216282404,-7.81165647609489,5.03470507189457,-2.39880868342416,-10.2266167984837,12.2742017386244,-3.17582232164834,-7.67475587969371
LUAD,-5.40453559837483,1.44319703153634,0.543942982164955,-8.12584341772354,4.20608607488486,5.41056030382791,7.50254625609098,-0.0925922409737009
LUAD,22.7892002388624,5.47720228727152,8.56832380871647,-15.7269212868168,-0.460233554609377,-11.2009521237774,-3.03887870791363,8.54344230144813
LUSC,-5.0908290042828,-10.314086849819,-1.98010856159969,-3.07235581845907,1.15487402028938,-9.46103540277765,-1.24798581362052,-2.918336639951
LUAD,2.68138473675464,-13.3252678428327,1.4979010678049,-3.40290096422169,8.31219972682739,28.7173306815028,10.2355333306374,-7.00491682881029
LUAD,-21.9583333654275,-8.39260659953842,-1.11863845617721,-7.20964158221794,6.73651686821199,-5.77658041851972,-3.6403114987002,7.80152797883337
LUAD,-10.6925174841899,6.82895390095014,1.43638617197812,-8.15807390080989,-1.74041965378991,7.81704502360509,5.54513770595596,4.2407061586055
LUAD,2.62271644614344,-8.23817734307129,-4.11543316502615,1.70421379409126,-5.40828872458666,3.63767090068935,5.51473857281333,5.73932708476359
LUAD,25.0631429022873,2.42582172925965,4.17693050169164,-4.28867092707977,-10.1137153015705,1.53041993845465,-5.65211636112982,-14.6659406475075
LUSC,23.8585836738913,-18.9078391000147,7.57276696421378,2.92942366440554,-2.21015413072856,0.493745451608826,8.24835173583232,9.73282565766077
LUAD,1.02882166166376,13.3300389521002,16.9861518853701,6.66961743213882,3.46845491791328,5.22978741452596,-25.3659613875663,-11.322771053601
LUAD,-14.6327071440278,-3.33760253106391,-3.01116194618552,-2.54811510394782,4.73209996489945,1.07294457426204,-4.57398358820274,-3.90743692884697
LUAD,-9.81613587769591,0.819727346246762,-3.22003206035708,-1.17492874218556,-3.38551891343101,-2.07798918017606,-1.12111252634223,-5.51539481288518
LUAD,-12.5616401947185,7.38654870557816,11.1055794794369,-1.77764425178375,0.971476556941625,-4.98007703008952,0.132634773696814,-0.692614995669801
LUAD,-3.90909940771278,21.2274173066351,18.5392262614708,2.57768791624757,-13.2393364145944,1.46697172529692,6.87919359214888,14.1219610194572
LUAD,-16.5901443702318,-6.62036309875246,2.05270500824796,10.3859379692169,2.50663614321172,-0.343733820055158,4.76288841341602,6.09636848419853
LUSC,12.7090644063281,-0.334296925040954,3.92884592587424,2.85962399445251,-1.16085478400053,-7.42454723831115,-8.25587207091283,-5.65812536178471
LUSC,4.38180057616547,-9.23905144888802,-5.90377651539666,4.2605183812013,-9.71345656620004,-7.65351424023709,-1.61168459128643,10.8604914639552
LUAD,14.4028846232959,1.09309072415111,-1.37185118704261,6.08545328862802,6.47080840503041,10.2146645098115,12.7164349648899,-3.35113409193588
LUSC,17.481793042856,-12.4896983648495,7.10738973555858,18.7211096923651,-5.18630727117508,-10.2158792781474,-0.785933627968577,-9.63334510053542
LUAD,8.84357958346685,13.5995299284882,-18.807812421154,3.14898839792246,16.7622439143457,7.53867091240342,-1.97364134473532,-6.14385460524439
LUSC,3.50655953819707,5.48708152448463,-3.56135725289933,6.12644586824626,3.27853949148451,7.25766393084105,1.00110020958083,-0.123558702303468
LUAD,-13.9709152671359,-0.48354778405876,-2.99747169949968,1.91116823032768,-3.25513587684587,-1.68497104497127,1.393047771432,-3.12580196966483
LUAD,-2.73483325208472,14.5732653214656,-2.93162226457068,7.62490916210123,0.355841431158441,2.2196126134406,-0.609202285791433,-4.89963318057008
LUSC,24.7359855082364,-15.3639375693135,4.99308517929284,14.4729163481624,-5.91716929403295,22.3477071352421,-0.209968258791501,-2.36127913051954
LUAD,-4.83743095938003,5.26050361660137,9.43871579860432,4.89093642383606,-6.43631213922284,14.1018353282392,13.9858076130596,6.94133048944106
LUSC,23.4322303280129,-1.09385713949328,2.32031768216411,-3.43367243903109,0.216457212799933,-9.61126191397818,20.4388231965814,-1.56594861788332
LUSC,4.11967918582461,-1.76585694899728,-14.0488031714595,-3.23786705261769,-9.36235949029908,3.23152708939908,-3.29691793171157,9.23101434046767
LUSC,9.81797768253906,-6.31171158579423,-3.5746047302013,-7.5281127574957,5.80527437155479,-6.17885781822816,8.57307405045296,0.673586309036867
LUSC,-5.66992655898427,-2.16027771722907,-3.45494882043413,-4.87589253680191,0.256588105680588,-5.23284205680959,-2.56862524560416,-4.86056886478238
SCLC,20.237231770009,-7.653027866786,-2.43934151506888,1.26254244318579,-4.4492505961793,2.36620741742385,-29.9327359559928,10.1177002037913
LUSC,12.5829029298547,-10.8923245458564,-0.91343679852344,-4.51105895851681,3.5978500858034,-2.31863883827301,1.44318783060606,-5.78974604584757
LUAD,-6.19273755019058,8.78091269659039,15.8844400031995,6.44098357450708,9.35989706599653,1.49914981224283,-10.9042172049797,-7.79072102899479
LUAD,-7.0880914059238,14.7275688128294,7.54996456747627,14.4791371932832,-0.400447312119382,1.75950756280855,-2.75632673609013,-10.8549667068855
LUAD,-15.1949024875224,-9.89011465066302,-4.81432005084268,-7.35651393788081,2.12346084363931,0.317896925096601,-3.06835172597739,-2.60521147229904
LUAD,-8.40231077194017,-1.54921150637538,-1.55960390581407,4.5183762471313,-0.49849359433434,3.83898895635147,3.8002244436004,-5.51849204913248
SCLC,-11.9327186726763,27.8622135796022,5.43572856278948,-0.131963985647622,-30.0719940391451,1.29698310367862,1.27005564774455,-22.7663971405653
LUAD,18.3554321922852,3.88741306749836,-12.1748518666494,7.33496873096406,-4.04810116971443,-9.66955706240466,8.59684569003233,10.5233352040707
LUSC,25.6741808965298,-0.514210713876461,11.7910730838394,1.76010208554573,-1.18827535809333,-4.78599287783202,9.46269597605558,-4.77811285147689
LUSC,30.1077876851137,-6.72093664265654,12.1208894390824,-6.94908265106044,21.0684357885959,-1.45101302682503,-4.55760645777819,-4.06552837907855
LUSC,22.4126884542574,-14.3646574884269,10.6428998284508,17.1205180117915,-5.76150732206627,-4.13352874828163,-5.01951039312341,5.26110369978328
LUAD,7.04678785925963,16.3227856013743,13.5188510524759,5.36750112262264,9.88367840063534,1.36054653022263,1.5874053627376,-1.38114250953396
LUAD,-6.37228433877253,9.97456418742775,15.694934699276,13.5621800083924,9.28346572742504,15.1380246275852,-3.54793393484554,-11.4470200403979
LUAD,-5.25993099262547,-4.0300070379347,0.447975153776256,19.3786950740056,-11.0586518654615,1.72301897176134,12.9206255187017,-1.05331627932726
LUSC,5.1554784228017,-6.58738458775721,0.318468323971023,-5.31044523948626,-0.38442928329319,2.02027969080021,2.51236552743813,-1.37020834524832
LUAD,-4.9786226317338,-9.2530350580757,14.5961498541935,15.551958750816,-6.0094831025357,1.3027284182456,-16.2991373320402,14.6955828461137
LUAD,-16.3301171195567,1.78539455932914,4.6121778555864,12.4179464041316,2.77813840951499,2.21740317330898,-0.758287771565805,-3.49276430400308
LUAD,-17.4459708101457,4.13833037606471,-4.19002474274046,15.5167458643727,-8.66489729101615,-0.155623833647285,-3.78869688925588,4.17733921625716
LUSC,28.8883376821261,-0.648352573541339,6.63843946377505,14.420702188246,-7.53474930218414,-8.99794186496153,0.578786872094195,12.3886919706962
LUSC,2.13027896950503,-4.14007222576656,-2.15885546129864,-14.1468581066441,-2.32553864548565,2.10891681710911,-3.73583038350679,0.226189769558008
LUAD,-2.19155316566364,3.10618970617936,13.4299562843225,12.300847142689,-9.53983587234517,-1.82155990472266,-3.5592691425091,-8.48094316805572
LUSC,40.4633754103605,1.04531307396356,-7.60743513819997,8.94296859631506,-22.2580318074045,-6.49974194443825,-6.52326490529537,6.45873512028615
SCLC,21.9566346016562,8.38746230031138,10.3262903893455,-6.77502767841163,-4.92742746211398,-1.36418418156954,5.25690921481605,-0.353209744072019
LUAD,-5.33275719937485,12.6964594901021,10.9974881979047,0.0179557920271443,-0.200008318734263,1.05839793488718,5.94361441399248,8.96389051787306
LUSC,11.0036542052348,7.72673584288358,10.3075909676311,-2.17105298731459,5.3971718313009,-3.1913779163016,-7.78813373865204,2.75072876801495
LUSC,21.2137574168498,-12.1086672198672,-3.32237500425573,18.151200842398,-11.5707270122084,-3.66939396385647,-12.7833016254572,2.65105879830051
LUSC,32.5931719772629,14.9938820468341,10.940634960831,1.19038622472177,18.1242091701274,14.2198681934134,-6.26548246290923,0.118636268497188
LUSC,15.1141698750368,-16.2825383088783,2.58838604046622,2.51967282782136,-5.45122086897177,-7.89654059447828,-7.33388963730439,8.38529085725223
LUSC,6.43293077702453,-10.4270468939299,-4.79331219707669,0.175046576231237,-4.08208762597051,-4.67081756414791,8.93959540621568,1.98206237315929
LUSC,20.4528420262677,-13.9208357926864,-3.89623754714982,-10.6921445873518,-2.14692865323583,3.84863279033113,-7.57400332746763,12.2430679557077
LUSC,4.80986774621224,-16.9492915246028,4.32703601908703,-0.67558484881426,-6.35713909777938,-3.32719768358874,-1.35560318258388,1.69560284598801
LUSC,13.6654141765531,-13.0898271608501,10.709675795445,-1.81604538093795,-6.23159726963166,-6.89378581203731,-3.68869888879714,-9.31276409373013
LUSC,6.17915612927077,-16.7325124809597,0.0136000960658565,2.59696560381013,-2.07310532023703,-1.96682312116629,-0.837948612720319,3.17130127517213
LUSC,8.66410976719818,3.21605699502157,-15.0208729994551,-15.0871654281681,2.9892212334661,6.12108308058142,2.0188158416905,-12.5902477588934
LUSC,6.59599105751885,17.5766018112977,6.30356907966335,0.100322747631845,-0.371296990493609,-24.0778186618362,-6.06875537121498,-14.1164941237729
LUSC,-1.47153202577741,-3.25048263206892,-5.80421255512478,2.60731437390576,-2.99432809370745,1.87774115690261,-5.38402715225375,-8.70453749521963
LUAD,3.1330081536976,9.03716980872006,4.87844204211311,-8.23093394216698,1.80527774018042,-2.50472627395637,4.89418532863618,16.538530721582
LUSC,9.42756218467794,-18.3137637828117,2.84194563770054,8.8547206495921,-9.01991698262469,-2.98836163540815,3.48557488766973,3.73596453035463
LUSC,-8.80900867585462,-3.18992621959409,-6.86142358379406,-2.7129143153695,-0.029974380143099,1.39851371246629,-2.47865333959895,-4.17979488914005
LUSC,12.3953603250789,-11.6075127001924,4.08448919736859,8.21782624099856,3.7279590910495,7.94959420611007,16.4745656809761,9.13333393352034
LUSC,7.39849874929156,3.00514807739471,3.97135031569034,-10.7363177890817,1.87411802981653,-3.52588723977846,15.1371825651297,-0.240409683520826
LUAD,-16.7923001279662,-0.0550386787299577,2.92480931113718,14.456267285333,-0.665096638477398,8.51064373107511,-2.24510853193769,3.59563256916141
LUSC,-6.8749044231003,-8.99227823157112,-5.68659333027336,-2.14542998661209,-4.84010067414905,1.58310299430298,-0.0154650599894645,-1.50303253319553
LUSC,54.0699571557593,-20.0086850923545,1.97579141502571,19.7214569512365,-27.2470251953866,-3.23028522850543,-6.06419199230433,-18.1013423374118
LUSC,-3.88203859678788,-6.25539095617108,6.35225408509886,2.76130875579564,-8.84413978591133,1.14695396819288,-11.9038468006716,-7.63024271579843
LUSC,-11.1941785561538,-6.35074994270284,-7.49517570075371,-1.85381896927621,-1.98230829156362,-2.75388185664337,0.290950608780336,-1.5074983663489
LUSC,9.88175307387982,-5.30476136328105,-1.57772797966423,11.6906328997963,-9.77140299708073,-5.58823188961785,1.35456765468003,-1.02015244746588
LUSC,17.0743969510955,-6.18210979574171,-0.26180660821022,-9.29045556003003,18.1504825037617,-6.11483080875744,0.0390237771370776,6.44926768460127
LUSC,8.58588305697382,9.83383646750242,-7.93222936826746,-5.35568099745459,-7.47680984419087,13.6824380875077,-5.55634250232765,6.45159210476041
LUAD,-10.7316125070067,-3.64559845250662,-6.85558054775374,-1.49067663914543,-3.52488512412084,3.25539629186527,4.07809469672814,-1.4391915923634
LUSC,-0.76109484305314,-1.3838380430663,-2.07736018635327,0.754805107396539,-1.49677034513041,2.22538244373803,3.24809487373582,-2.76289779177085
LUSC,-0.441436462398775,-10.5754915347899,-7.25807036725701,-1.5850076350911,1.44697680953926,-7.1500410429013,4.36790572958184,0.232949421762169
LUSC,-1.62206886479416,3.25979774565272,-5.12898862858386,-1.0426142485059,1.98074460909755,3.96631129987091,6.02144387562904,5.59423624122014
LUAD,-8.36551115561986,7.96490875546095,14.7444826544787,4.2432626378335,21.0706721223521,-3.09080866563511,-12.3173197496675,-9.90393242004088
LUSC,0.759319546190577,-12.9657143473382,-1.20876737663721,-4.25937352462571,-2.33072371812424,-5.87444575621152,2.39770790380413,-2.10112270430435
LUSC,9.13514500773233,-6.17744703112378,8.68876011698272,-6.01074332295915,0.559255751281572,8.74467900763773,5.33382014029213,6.30334843815243
LUAD,-17.5196495166644,-2.03755767666606,-0.327091959293047,-2.04795594932036,7.79852920074175,5.71482879163582,4.90232462282518,3.52293151981159
LUAD,-16.1640339342337,3.00988666815677,20.0839247937162,0.973604723426232,-7.5316260828723,-11.4924567747957,3.0769932961887,-0.454225628063861
LUAD,-5.94733037723122,-5.28849310875572,-1.99050462990734,5.7424629213041,18.1288415117335,0.950329109911612,-3.27141151960687,-7.85279725293557
LUAD,-3.92669044446802,15.3819334593754,17.9449389610925,6.32490610279383,5.427744039322,-9.57441370200451,-0.949356753063943,-5.00714843368786
LUAD,3.82205501995592,-5.62830363200295,-0.0188592751448029,12.8487059608877,10.1725017048488,8.0459187470836,15.2348395665554,-3.46665180842302
LUAD,0.160410947548059,5.59947960618935,-2.42317143310991,5.82018948284158,10.8827224606125,4.26210110646901,0.322303158530764,1.07714410701216
LUSC,33.334061215113,-17.7055541138286,-0.457255132723816,10.6856435811821,4.80929008810821,-1.3337367839055,-0.30453862205944,-4.82284833949121
LUAD,-8.48140007751179,16.7993412646877,10.9406907581649,5.37584281775361,3.8521738656811,-6.28428090805412,17.5157655194123,4.8492024419949
LUSC,24.5143284592226,-7.09533695029318,11.4220589032325,-7.04057507593211,-21.2554766134313,-25.0910613587836,-12.8548243591945,-0.230177600906123
LUSC,11.1537568394858,8.10966378662085,11.5798586635127,-2.61059777032173,14.6515346501519,0.879261311298276,1.98457586075852,3.81152649454698
LUAD,-14.117080926338,-10.9154204480021,3.69552888139653,4.61572926293713,3.81539244808948,9.26519630267933,-3.85994854366449,0.789739527520774
LUSC,9.57061032583296,-6.30078708566157,-1.26119141370867,14.9116691322438,5.80998216149651,-1.84407420595294,-5.17146480448526,-8.36679553065922
LUAD,-21.1425595875697,-4.92289537585859,-5.65779888141728,-1.81111318142854,2.72377906627173,1.94892591477325,0.364390084394662,-0.458194762024396
LUSC,7.65641573442161,-8.05567899042712,-4.43896027701046,2.77554016244873,13.3028160784296,-2.24041533836525,15.7507381641716,-3.00023256389178
LUAD,5.63963699460346,-13.1903604671505,30.0719214086679,21.7547395053427,10.6687022270789,10.1250833269,-25.9577670921894,-9.64028136622932
LUSC,-4.48931585431976,-3.30780336580258,-0.17053228257134,-0.726183264505603,1.24724469899342,0.158071954112931,-2.88546897547532,-2.37535224268349
LUAD,8.24020904386942,13.6430717339223,9.9982186132151,1.69979223216775,7.26625514275365,2.46258509258538,-7.78329862055497,-4.69620748585474
LUSC,17.3515409197042,-8.8737870449553,2.2513118119666,11.9271918305544,-0.0553378507544711,-2.31200291377645,-0.55719971006405,1.6229950557331
LUAD,-21.440499054045,-8.08363554759663,-3.98369490413628,-4.89259834550883,-2.65888337541735,0.462204752952601,4.0825288359524,1.65602454174694
LUSC,28.4187029229943,1.04373415570825,-19.0680715272791,-11.3306257213501,-1.01185437408104,-6.27867905410988,4.23724748812389,-13.0202250371842
LUAD,-19.4785614432136,3.17609024006851,-1.01933747193969,2.56003336479772,5.8083375285541,3.83874298249833,-5.8437690838423,4.38664164040214
LUAD,-3.12575570052381,-12.8020205241413,6.71992702074671,-2.57196570384247,10.1405770135786,15.3801790757627,0.0225888967299755,-3.69741496542674
LUSC,29.7945862534529,-22.7218634263898,9.18472570152062,13.8230127379972,-0.886963018874447,-4.913593230744,6.54970542010724,7.75078984797343
LUSC,14.3252122630581,-6.6260995258364,16.8710027205468,-9.86269951306161,-10.0134262326606,-3.68463283974614,13.4902078517167,-3.87446509337936
LUAD,0.436735082923046,-12.7536261767368,-7.47716002075605,1.33897335203829,-8.08793646363324,12.5547172624016,-4.16401997896128,-2.19300966805539
LUAD,-11.8860557869314,1.6932360906982,-1.52673923781562,2.22029279985115,-4.03795653725245,10.7306924479533,-6.27308060046638,-2.92309942439114
LUAD,15.0189666123036,6.0347411536544,26.8535195911605,11.9563543213538,4.06507807739919,-7.90630166727805,1.48119437554435,-0.929735801050459
LUSC,-3.72291865521645,-4.18383674268677,-3.11636602503033,-0.414671000391103,-2.55530841914607,2.967859619139,1.45311906392789,-4.03879531825006
LUSC,-20.2492738691441,9.07556283305748,27.8886413825825,-2.31095692075446,-1.50492350071251,-18.8805125825233,9.84677798595447,5.95375622119221
LUSC,21.8756636095127,11.4780877053683,-4.37078477486232,-4.65939026331573,18.9370029438657,2.16618477788175,1.70460863010795,8.64252754565668
LUSC,22.5853493150581,-11.6868109253882,6.23434638020108,1.92172513153825,19.0473513501323,-4.90696517294743,10.7478649522007,7.47680162876647
LUSC,7.9027605722548,-5.51992168949303,15.6768187839112,-12.8270420768629,-7.48367551352857,10.1970622537323,21.372621169268,4.98593177497407
LUSC,-18.2059878668969,-4.34170865782011,-4.27298874343507,-0.357415027820757,-0.712179562241031,-0.884665513246228,-0.17445878472171,-6.35072456488536
LUSC,12.4155205730563,-13.264862002632,16.4295765881767,-0.150638043891715,-3.04563714391154,-3.43839343647687,5.44243425335059,11.2669678134833
LUSC,23.9732272670242,-11.8526059777827,17.3053699311067,-11.4707815848542,-8.97940341312769,10.9507665577292,0.896646415942638,-7.95675798042272
LUSC,17.8546428170664,-6.45818378747743,12.0475979656848,-16.1399297473308,1.99523905699312,2.32767671279692,-1.25764960582474,20.5090766627105
LUSC,15.5367945423672,-22.5304644178983,0.827338831563943,3.72681947289063,-4.10401158787845,-7.90596130524559,11.744763873978,2.54067395363739
LUSC,17.2131763610798,-4.30821038375236,11.9382721842208,-15.9792770735844,-6.78971651907852,19.7360361914089,-2.91891977605432,3.59897815243347
LUSC,2.3595399615714,9.64220797934381,2.23716299563281,-9.62510183321876,3.66143778286365,-0.986911153057653,-5.45219782878749,-2.87722639908934
LUSC,-13.0910774190686,-4.55126255436313,-12.7678335039596,1.79740289144821,-2.24302925062352,-1.45114925481834,-0.258245075936792,-5.47659859582312
LUSC,-13.7814081519302,-5.55018091117527,-10.8929776053293,-2.01395224576654,6.90615762198191,-5.80588690247851,-1.50266101627636,1.2403569318107
LUSC,9.96619261009994,-6.94026135789692,1.82347725421569,-3.6036159030598,-1.97772847718267,-3.25421719106425,9.0679527662624,-10.01414693838
LUSC,5.38361334715717,-12.6736521175795,-1.77342951749895,0.782948497940068,-5.26548139594141,-9.91291572406625,6.00200325279496,6.80533604877444
LUSC,26.8335176322177,0.186280977914046,11.614759106411,2.25024449595836,1.00042994487813,5.14319992659061,2.60887310334351,10.5886057074164
LUSC,3.73876512519544,1.05694377718179,-0.668169396707239,-18.751656649862,-6.23615449459902,6.77295031347434,14.9476171508608,-13.0233735060149
SCLC,-0.651786200421723,2.69127307545394,-20.1320600836296,-20.9153436484632,-16.4189969522401,-14.5085256942937,-19.8939675529178,30.9372148237811
LUSC,5.13179398432496,4.43950866907944,-2.19031174893105,-4.07365873489021,6.29787531717789,0.897524327331189,7.08739122456974,-8.18615955874261
LUSC,-17.526412454238,-7.09975665018678,-7.95902460715699,-6.18430520374426,1.66738623002012,-1.82045238149348,-1.85625735503175,-1.76419023894314
LUSC,31.9923995275451,-6.79531457723962,16.4787386442822,-25.082687239323,-10.4757164729477,10.1340951057552,-2.90479361046132,5.69870473939501
LUSC,8.20808067341064,23.9489263225438,-13.4293557192372,20.025704255629,14.9062779436148,-12.3885568257028,17.891337576934,-27.0376937335209
LUSC,10.2326871114903,-5.12645637395596,-1.91258304537346,5.05746647113391,-7.99439175647069,1.14541953617636,4.7619856604437,-10.9146102003971
LUSC,38.2981314971298,46.4256074706224,0.446166268774054,-7.97525068280908,9.04250039376816,-8.4769598326128,12.5071865307122,-28.3500055143088
LUAD,3.31787756851226,-7.4405455127784,-11.6763074338565,5.07534878873231,-4.07208998671001,-7.37418797423879,8.08731169422689,1.44380318088359
LUSC,24.2716303836445,4.51074437521486,-7.4133039236368,-10.1140291663435,16.791158897049,10.0429456351333,12.9973341843062,6.96578405460231
LUAD,13.4307417907578,-9.14378771070954,7.6010529620808,-3.94764625757199,6.26765728080151,5.28928320767735,-7.78183036615408,2.17364676046174
LUAD,-19.6034670470498,0.941196811376669,9.85926053723598,8.02227617114038,-11.1501366738761,-8.9503723862025,7.65390642823121,8.39336139627626
LUAD,-13.7826706513924,-1.00193196366785,3.90356415594921,4.65918504840882,2.12651639235387,-4.52841572610496,2.5714158726514,-0.918016213741696
LUSC,28.6429892082886,-10.9610693759745,4.52939113863153,0.232000556001862,-6.46034369385938,-8.39880246760496,-4.56063466566875,-2.8802509228546
LUSC,21.9714855433758,-13.4139154070214,-8.10121736597226,6.24410138454707,6.9303906796382,-2.37912388792014,-12.1848040709,2.87541520367034
SCLC,44.4097098584681,17.7863300266733,-10.2553432381566,5.4446600329345,-1.75010309890228,16.6274414947879,4.94820140502084,-1.05947356215794
LUAD,-9.13827118818402,-0.807030746192056,-0.685228198568881,-1.63690519112579,2.77783964863279,1.81012134944113,3.67810503952765,0.51927859635876
LUSC,3.99914911851766,-1.83618728669885,-0.837572674988877,-2.29817145438526,-1.97765543903066,6.99200630182343,0.28586127860521,-7.85112066181558
LUAD,-14.3435128656503,-2.50795793081042,-4.82585217005422,1.4198837144837,2.4482359641402,1.92850822697939,4.58696220563436,0.601154793575721
LUSC,-1.10591958494286,-6.50413708731819,3.64704362454001,-2.876303257354,5.04380520935927,-11.589913299786,-2.92673016211415,-8.93172518608413
LUAD,-4.33540239419712,4.91433019829785,1.43817519175232,-6.59597381872921,-7.07465690164563,2.38177708720792,6.10451369886916,-9.11349991157646
LUSC,8.00104045105417,-18.8969801286876,0.158221588306705,7.5004423742249,-3.64667945296143,3.00030016438583,-4.09836990441228,-0.0519505910325382
LUSC,9.55431599197704,-14.2807403377184,1.49067612021588,-8.74719987675279,2.81033298596733,-3.46693913698332,8.6966801628577,-7.5683336861776
LUAD,-7.7262836506687,26.6970136475849,-24.8147125201428,15.6256979574023,0.143015480251857,11.1446513361271,-12.1091717258054,6.92036050807445
LUAD,-5.84385105241725,-0.337422785590197,5.95084450381283,-5.48290035837128,0.713835111513497,-5.18740459229016,0.699043914493684,5.015139107633
LUAD,-18.5173780833039,1.68887513019227,-6.96078919487173,2.74213861564961,0.200262426918858,4.24485248154933,-5.09696672421289,-0.883424472520972
LUAD,-17.4288530417941,-4.71366160988517,-8.9285242950248,-1.5491737277301,-0.88894843200833,0.139292962149884,-1.1233421267685,-2.37925171609148
LUAD,-17.1438262803401,-5.34654910963286,-9.24350323469459,-2.02037713190006,-0.202203955912454,-0.45874845460886,-2.67101125391292,-2.60892764719479
LUSC,-16.1955867763287,-7.6586824351468,-8.71023149928843,-4.41759085236871,0.60761209035193,-2.30557554290711,-1.15724449164647,-3.54479370929259
LUAD,-8.21600862726793,-5.23296468371103,-3.94685178354787,-1.51489343297878,0.87132462453059,2.3878027648571,6.15878494267941,-3.8227664700253
LUSC,9.75352100809508,-13.0521352148522,-13.0923697985312,-9.15640482005449,12.8802931627328,7.77147778821156,13.7295256720436,1.18243674854516
LUAD,-14.2954177329482,-0.915990283589495,0.832240628991642,6.51265362519672,4.72349729650891,1.56151026595707,-8.00034588841961,-6.01339380086535
LUAD,-13.9526239629323,-2.18329774589297,-4.1117080748948,-4.36027597797913,6.18311101372134,0.993881970783546,-2.85141794510958,3.49531241302009
LUSC,21.6219305093901,-13.149448879261,6.18008877042242,6.84648045778269,-6.18895868738563,6.82189288560496,1.57839929209113,4.69174189897424
LUAD,-0.556794972244437,10.9545330790703,-1.0235058120125,-1.29567945549127,2.44048954771648,4.41436558243459,4.8497774959324,-8.29509197124227
LUSC,0.42809558654652,-6.05703240788311,0.677395154744598,1.47905304698614,-3.70574921122203,-4.63962601825372,-0.872251750273936,-1.84229496842965
LUAD,-18.0962649388274,-8.13295264183628,-3.67602023530627,-5.67914967272492,-2.47024804317985,-0.800090107508018,-3.33181659311923,2.37017488832731
LUSC,5.03296214507574,-9.14154050213135,-3.36032876787058,2.96528431503886,-5.84030960756362,5.44665177662118,-0.528587362638068,1.55922350727888
LUAD,-17.6505847815552,-11.2880680410012,-7.89482251935959,-3.99085658788377,1.43952441031562,-2.43951447107855,-1.01404840655792,-2.36229937291891
LUAD,-13.3710876911892,-1.58758905806409,-0.420289051410924,-5.12386352976642,6.33705269119819,-3.01900011244689,2.08048677788904,1.71148926454753
LUAD,-17.4492282722378,-6.81750573436924,-7.1359041147471,-4.55193758363334,1.2681956586864,-1.57841881028446,-2.31366053482249,-2.491297184067
LUSC,20.6787891193747,-17.9509500709503,-2.65406727408411,-8.03023025304771,-8.33971573786685,-5.71106766927844,-0.153267751628924,-1.78924824001411
LUSC,19.8585224764823,-0.353837406580358,0.294967341251947,-8.29962050490151,0.389284375102168,8.68734914635818,4.3470621226161,-12.2786809093368
LUAD,-6.58823101630557,1.28599458175066,3.57001186969458,-3.55253402280391,0.55610788427233,2.90905417723484,-2.99984493011746,-6.38500261770416
LUAD,-10.2942160304391,23.9341397899641,17.583455084418,-0.0224086054860742,-12.8423659710347,5.6022614312371,10.9439682762767,1.09997739243802
LUSC,-12.6822842946305,-0.551820531904641,-1.21332470369726,3.18949051403017,-5.90450674228017,1.49896304318635,-6.07530773336459,-3.47170159475247
LUAD,-19.4475245758633,7.73674778717291,-0.21488807890373,3.37686818753613,-9.91802547007883,9.66465299914956,4.23385891427345,-0.0178081895257005
LUSC,-0.634498920681088,-9.60182499053665,-4.32263981833296,-4.05466935533209,2.79395496144195,-1.71897708086523,-1.82016455434301,-0.811737974266387
LUAD,-14.2301357657888,0.400228556197329,7.38148165053946,0.691313044254978,-0.83276486531403,13.8501478830113,-0.463829210139436,-0.40968492057832
LUAD,-13.998972214373,3.33126291190725,0.0964640317223041,11.1356106098899,0.533974381002855,-1.24779880143163,1.12918232592915,2.36651960090612
LUSC,-2.70241035159497,-2.57777282344325,-8.08114114296957,-2.52266540725599,0.970672838116041,-0.653231103316576,1.03546149749569,-0.848675297384129
LUAD,-11.9761483227078,-2.10372963177081,-6.32667271307682,-5.35709517068693,10.2028143404549,5.55659371586876,-2.80561870889857,-5.09616779236415
LUSC,-16.3319912598041,-5.77014930067271,-9.54112119118123,-2.68495146736831,-0.440506070043884,-0.222280314487591,-1.69329259657773,-2.91804087475306
LUAD,-15.9644213501217,-5.80535881646248,-9.93041273015283,-0.724366598693457,-0.584009427384262,1.28874087946041,-2.30811624257632,-3.77760171426647
LUSC,26.3553915716146,-5.81894142549872,-0.0199728778735708,4.1761975589483,-10.261863860309,2.19810996914686,0.852753604017562,-4.18478743190298
LUAD,-6.6951620006335,15.5340015511874,20.2858377996615,0.0782178438355197,11.5779853419987,-21.4674001230689,-8.73646094180952,-7.07873328098126
LUSC,24.5258054646475,-13.0955324835403,0.769716343011705,1.22899629002145,-5.55310188439339,6.31765785934652,6.32289053006596,-5.36151358853566
LUAD,-20.5782569676837,1.63020350622229,10.7990299581412,21.8658730913073,18.7078254129955,9.07364076291323,-0.457170710238079,12.2294545474905
LUSC,12.1292760402119,-7.90174583133687,1.76566910426447,8.33093135055194,11.7002078119102,-3.48343273258234,-5.13923921556775,12.3605127059242
LUAD,-9.70590637008434,0.566442326500978,-3.80176426447219,-2.52261250943471,2.22868257722992,-3.35475297076608,2.75488549341565,-0.48392312299913
LUSC,14.5193368147475,-8.19207521154398,-3.20437225351856,1.99633634496337,-1.16809471453143,-9.12283323787114,-1.04880942094827,-5.52773473914976
LUSC,-1.90895973232595,-6.66370682224353,1.58603577198821,0.206858619922843,-4.89747488782894,-3.28168920148411,-7.66426399916005,-1.33359269472525
LUAD,-19.2034499382283,10.3650112674569,-1.63105382711182,-13.0470494518366,-0.603470288205638,3.1535088961007,-0.167267911564912,1.86882922021828
LUAD,-10.9137451756309,-8.73759725129933,-0.836386917733532,-6.95031093226346,2.67821267015684,3.05169393828871,-0.698736892070911,-2.8611516992612
LUAD,-9.35067564476851,-2.89285198447742,4.65853629711232,4.66301440943437,4.36696785915171,-10.8739564608252,0.244789496568925,1.13592888338427
LUSC,1.70518299599716,-2.4340377426574,-6.93840521921509,-11.6793195126635,4.32641191662474,6.26072551050069,-4.30959031564401,1.34682038994394
LUAD,-16.1962712906117,-8.42486172236889,-0.313901785474717,2.32020225909403,4.53774435332676,-1.0295393538913,-2.02567001659132,-1.90188403834085
LUAD,-0.419577704599462,18.3512735453025,4.81475374800161,-5.06412091679654,6.11393509597415,-1.77804997198637,5.54259646458621,5.6867810744542
LUSC,5.72779751280722,-3.54168063364539,-0.931785111786858,-2.57814239202266,-4.39588587909505,4.52261077879673,-0.688052645656847,-2.48936386562258
LUAD,-15.4966203774056,-3.63853163042068,-10.042308234156,-0.691276724956189,-1.26392125952771,0.853920111428954,-1.17289959425504,-3.33948251507612
LUSC,2.1765719030377,-6.12479055890942,-7.82319431522054,-0.0702392584069181,-3.03193854928406,-2.4205204068288,-1.8876209805241,-4.8770774926169
LUSC,29.3726376771818,7.18790051257905,5.23168268262984,-9.8933684819265,2.63445027711614,8.66718069568189,0.631521585129922,-23.7903735937077
LUAD,-16.4765370512429,-5.35465699895806,-9.53669988609887,-2.45144644525234,0.00679621615814748,-0.280955343742761,-1.40180861112624,-3.81594416584761
LUSC,19.6039156026892,7.09561041940111,14.8755671506497,-2.16450692826013,-9.64226008999668,1.49401584017164,-15.7525602316637,-2.88247445964634
LUSC,20.3874418510132,-4.06904064952044,0.987004712110989,15.1534261996268,6.26310224547429,1.28689214955984,-6.25923662091979,-3.675217674893
LUAD,-12.6868470021404,-0.209457696800433,-2.55157189602238,-0.355044977664463,3.67513533980091,-0.334073201178981,-3.01925949141103,-2.49341844232368
LUSC,-3.49578784197403,-5.99897370863389,0.279609136773043,-3.42058905700996,0.511453996794989,-2.87850704006851,2.81917466624377,-0.915783986529437
LUAD,-13.6587893353255,-4.65966758840867,-4.25034188451777,-4.16336987804944,6.32287089105329,1.38103299901252,-0.895799029957266,-1.70771369613715
LUSC,21.0848047114552,-5.55997109381214,14.6321785184958,11.384555320923,-0.891298229726155,-16.5987626304015,0.214517010207835,-4.9768699887573
LUAD,-7.11030153176086,17.2115842027632,16.9875726468083,2.12794151788069,0.959632830060493,-12.9053607113218,-1.94927541835207,11.3562569521612
LUSC,18.5420622212403,-13.9962788970405,-0.42849310858086,17.832855526092,2.15984992802018,-1.46057431303629,-8.06583007132076,-0.325231548380519
LUAD,-16.9033544603342,1.2240448737112,-8.17426995343613,0.613220636319482,-5.81237355037902,-0.955397248336761,-10.3770198845502,2.03173421073535
LUAD,-15.5840276140872,-5.55054216995346,-3.90193239847704,-2.39009703774844,1.07179273282433,0.0542753559737215,0.292510594723803,-0.865777973369113
LUAD,9.44303819174413,1.09777149369089,5.29311891180558,-6.34435229518587,-4.70716572934529,3.92193819408461,-7.64787914553816,0.320407651175613
LUSC,-8.86141885255285,3.05846601152642,-4.33551276971075,-4.30856641962139,0.926193205944715,2.09914876125186,-1.44540784286787,-5.03112197874634
LUSC,-7.16257970865888,-0.125642711708429,-0.221756378684362,-5.00141262033585,2.55032212104816,-3.36186342653232,-2.42599771183795,-4.85714709671782
LUSC,-10.0136710510369,-4.80555891703175,-5.87440760381974,-1.24179972469346,-0.448574332931043,2.81700837693598,-0.721882434446369,-3.29190109680673
LUSC,24.6250566552447,-4.4476991274182,16.8944501313008,13.5787905118601,10.5871624743746,-13.0659064806415,-10.6978352080253,-0.310757351134458
LUSC,-0.0487088171518124,-0.862887421000634,-3.93852278574998,4.40729096804212,-7.49439296217651,1.42297712453646,-1.37617370947502,-0.453441454139463
LUAD,12.1159047678399,2.9637669025147,12.0049326813803,14.5629657668298,11.6873191357799,7.5569517678224,-14.4189267491711,-5.32675476234567
LUAD,-16.3749416096623,1.48475674258458,11.9341470481449,12.5247887033924,11.8910546809593,-0.921366983491259,-7.74556650410853,6.91624316620952
LUSC,4.52740613603334,-11.1073892196972,-8.68518276640794,2.07388091477895,-2.31810984374033,-4.46033473325092,-4.85430113841656,-1.43343720337901
LUAD,-11.9658105618389,-3.49506332432589,-4.63690951749888,-4.39862803410689,2.71887728885738,0.164966529371003,0.375802643631742,-0.1239182698801
LUSC,20.3184897303689,-18.8109406551668,0.825210861619259,4.03184692528904,-8.94117625825839,-2.40574424748775,-4.7459953057436,6.2427180427705
LUAD,3.79113521846479,34.0282056703225,32.0109869472361,2.14840737436247,-21.9924942746426,41.2171437299588,-2.79140037342628,-0.53063413018889
LUAD,-7.10875633519514,1.00692794503354,-11.0429324600725,-5.82059805113211,-2.14344182200113,4.47930588532373,0.00419241505954704,-3.44528133989227
LUAD,17.5397412935841,-6.06988074787109,7.44173452414182,10.3317178805897,-13.7625130173007,-16.2003096963209,-3.48308026906048,5.30647989301023
LUAD,18.7349215067556,-1.67882439751482,-3.83660712072503,-4.51788909854631,2.44513599296271,-3.00135084095631,4.39133441739365,-1.58760299025189
SCLC,16.8318404503547,32.0557199258125,-3.08885299279592,-23.1591295876502,-27.1801019672416,-20.64646802099,-1.00018998512116,11.6930138071597
LUSC,32.5691837213126,-2.3069169795361,11.2995830604467,1.70738825871745,9.54039684068489,-3.08472144565631,11.0434612697843,-11.3497510719514
LUSC,5.27105718696989,-7.81866179583006,17.6946690324256,-14.7299228597283,2.93484186888842,-8.60817061923992,0.788934964794674,-7.3533872974149
LUSC,-3.10109173280119,-10.1747119179275,-4.44963577653721,-10.9865675723309,-3.70692014756003,-3.56524850998602,0.902452250391973,2.64864294774334
LUSC,7.81979511852739,-2.90249503810304,0.792834824748002,4.57682921251264,4.08526641064924,1.75005815212683,2.92237059723265,2.67339218157932
LUSC,10.987084240099,-21.1486717534664,2.96737315677287,10.7161581207399,13.5990678962845,8.87960549975926,-5.72124929796627,16.731605161516
LUSC,-0.752586113811563,-5.02506255373132,-3.64264845719023,13.4788504354588,-10.9438983202072,-0.350006730030408,-6.18606597124998,-1.36080013534048
LUSC,26.9115063098377,22.6574421232837,-38.6950853145431,22.983624019297,12.6846067190546,-13.849882694898,14.0692833736419,-6.50389730408351
LUSC,11.4098196016147,-6.27742321512394,0.680586418432029,-14.0529904069733,-3.54891055198587,0.857535891920108,-4.95082743836552,4.49703790845204
LUSC,-7.58040943433955,-4.87800978702586,-5.44279320996125,-9.90226553004279,4.28199412595179,-6.10649388703697,-5.85389921122791,6.60572408227642
LUAD,-11.2150283265295,0.375246272014427,13.0482813945752,-0.0179384497239861,1.17332652723747,-4.65857414503194,3.3828595009175,-0.239308171244425
LUAD,-10.6244151384745,3.71664957484435,3.49295576844184,2.66711310443988,15.9905063742914,3.90611229391885,-1.40721805969574,-0.0690376845347985
LUAD,-13.12792674255,-6.76237891636499,-6.25469915320456,-4.47478358030029,2.98545730641384,-1.05519122527472,-3.16299196266986,-2.5462466496359
LUAD,-15.7528621039443,-3.08016234286166,-1.39082218289107,1.35915414604172,1.7152679459246,0.503259293246751,-0.877685995071371,-3.53133538939219
LUAD,-7.08122767114062,11.1805175244466,1.97731365547768,4.38583048521115,-0.773106484223205,11.1946640065398,-6.92451999660817,-1.84348815708868
LUAD,2.11980022979513,-1.6435004745305,14.6364027210709,12.1660606893445,14.7213454463729,-7.80292589519517,-2.12738105453645,-0.692745827301928
LUAD,-16.2636076257692,-7.22885534322748,-7.53723923117132,-2.71396257370512,0.433687918581647,-0.53428258221104,-0.330930762331373,-3.31154151593575
LUAD,-5.00271160269473,4.81254874809575,-2.50892306210215,10.1153422443299,-4.79278437241158,4.82779755728737,3.46074428740292,-5.13361725630114
LUAD,-3.3756932166504,5.13720566922083,2.3281607597343,11.257505344615,14.2056020352094,-2.52140834238297,-6.13511462724934,-10.9278858159219
LUAD,-10.0474634220329,5.08526050066274,4.73666605209334,-1.21209229383339,-1.06463035084826,-0.550505180960594,-5.03612733555778,-4.5118721974068
LUAD,4.40806566861101,11.9566728832582,7.44563129205335,5.33353524326152,-13.4533042584026,2.29277119563888,19.3891052087816,-10.4470952416587
LUAD,-12.3445735641728,-3.06821793312761,1.98794748596655,-0.590380162396718,0.344855390004869,7.56389859202364,2.9355022377446,0.591428395891331
LUAD,12.3082808468163,0.352180772225383,9.94709965460313,-5.72066922855539,12.8885718547329,-2.05973305927541,3.08281777313559,-8.1521731073467
LUAD,8.20752164056097,9.32102559327413,21.3962669113264,5.91795916144949,25.8101842514258,29.6862608792275,-8.49769012519312,9.79048003703227
SCLC,16.1921831884556,11.7450712442558,-3.16520488660303,-16.2797700685047,-0.532096414779874,-31.8792026714063,14.4561412608227,9.86359176462122
LUSC,-16.8995445391905,-5.1835716803906,-9.35598613510421,-2.38014177403128,-0.112599256874388,0.462980671526905,-1.99426245146929,-2.324251667776
LUSC,-1.2962249556848,-6.03453998906937,-5.53273449226995,0.841692601836504,-4.80111232371951,1.27413576682568,-7.18962282617444,-0.271251948747892
LUSC,19.8092446288378,1.74647262057229,10.9496132323564,-12.9906670065261,5.71695328565617,-3.44371612692716,-2.60057018964718,-0.621293843110999
LUSC,18.5705459701562,-17.0240787646034,11.8027516599256,6.48289590784453,0.173605733387111,5.67500016607653,-8.92716496659425,-9.23329311319675
LUSC,5.11351902792112,3.11654413351411,0.159281728509885,-5.45412207120925,-5.7217974156119,-7.12074289463418,-4.54215151345588,-3.13217608085881
LUSC,30.5155770809303,-25.9017983291555,12.976279852815,21.7788154203647,0.387489173179662,6.59547604527937,9.82102558561581,18.5189677667608
LUSC,30.7360880174276,16.469622722285,10.8908784118074,3.00581504384857,-19.5893979899679,-16.8482071696095,-21.6468700274597,-2.80765750073394
LUSC,11.7969530007812,-9.08794224976821,-1.09940692035069,8.5069289447994,-5.61916937936031,5.61724329270199,2.05430933569379,6.31765807386048
LUSC,-11.375426855444,-4.91858134459024,-4.34729048881081,-3.16059913768165,1.11305122402616,-3.25822927966832,-0.45816111755294,-1.77082020515331
LUSC,-3.64239007611493,-6.26455568571189,-1.77116749066679,-0.405456917692947,2.34836987936359,-1.85730016830897,0.793947590335985,1.63105549531106
LUSC,25.7938565037272,6.04089704213763,17.0119372560082,2.61612159578858,-12.205717856433,-9.15975626063994,21.6197843717539,11.9446043444662
LUAD,-23.9219856057615,10.0903957733065,14.5255159012009,13.4077352072197,0.72765210934566,-4.31380779724898,-5.47980384572878,16.3886711759906
SCLC,13.6351298273587,-0.616546533242053,-22.6063564953967,16.86220313389,-4.07293813760684,-12.2512701356617,11.0460651557982,13.6034385047842
SCLC,3.00318504638293,7.69453528123683,-4.97627822526793,-5.44461753672431,-12.566241175282,-15.2588363174315,3.23624973768598,2.33834098937234
SCLC,55.6164849709383,19.4021072145746,-5.25325339409557,5.41966798846568,6.32996395933965,16.6025627032355,-6.54809314061563,1.65839740114575
LUSC,-4.08838077811756,-5.5443041668652,-6.50088769021609,3.81977205446408,-1.20716940343083,1.18314823421861,1.53795422402888,-4.78350540106523
LUAD,-15.0109923022179,2.49201554562504,1.49152340040583,6.15192532373981,-6.85864783731432,-0.0639589222233735,-0.291066916833855,2.03524513370773
LUAD,-11.1531358704074,6.49202946682571,11.1578265203551,-3.54453788905208,2.99473810214126,-2.34858011919958,-9.63749112816967,4.62583382452692
LUAD,-24.7838015584988,-6.68682202957233,-5.93699468381846,9.39413379252303,-5.95600984058824,1.43621489667877,-12.3425384829611,9.29398489285365
LUAD,-9.83266782483715,8.51598956804363,-5.98436130052143,5.97184590978555,-2.14719679142505,11.1266849790997,0.565347825344403,2.45645376890523
LUAD,-19.1006578725736,-0.577759478132377,-4.44990724182685,0.759592245045789,6.10320079152535,3.67604599469568,-4.65148107314661,-0.508503715349166
LUSC,-15.254293716632,-6.20006928568927,-6.69016337254699,-5.83883611535804,2.78241060242417,-4.17405661616969,-1.55787469044634,-4.19295674431449
LUAD,-8.33935865934539,4.81684857563818,4.19537918770746,3.01340768568184,4.67580695727457,3.78017819678778,-0.816351886620257,-3.96175581451381
LUAD,-16.9341131148784,-3.30539366819071,3.12935980493934,-4.90933533602959,3.43478081118376,1.29259612161143,-3.87281052054048,-1.04243377570091
LUAD,-11.8489518691773,-0.373772024842519,-3.75767010054008,-5.64342035234976,6.50495942516238,2.71895868668746,-0.847495216926705,-2.97496970844185
LUSC,5.03790598604597,-11.5030778178676,2.22104573999974,-9.67676433282771,-3.72501961856455,-0.633072433153073,-2.39245084474378,-3.45684228614454
LUAD,-20.9757331007903,4.68896110601463,-2.06404978993499,10.8094358326039,-4.04610249737141,-1.40880775013936,5.97723398045179,8.86893741265402
LUAD,-19.1834992629611,0.855587027678163,-1.06765679944705,8.20992767257366,2.14784628593819,10.9276293265937,0.288232832668838,6.57151149519785
LUAD,-17.4075134901147,-3.33189998392644,-2.86051507643599,0.376109863095478,-2.18615314834482,0.598710376509428,-0.388031019214137,-1.03462117316009
LUAD,-23.194766526369,13.570565133869,13.0481482398209,-7.45957616667758,-11.2888279010895,13.889924333382,3.81222162190186,7.69962601295026
LUAD,-16.5199832535799,-1.70525500725184,-8.29852416471102,-0.402181843521738,-1.17344054040668,6.05054693498128,4.99311684235321,-2.7085691194444
LUSC,1.32345908196122,0.987237432892831,-3.97210829479922,-6.00627648573831,0.873859058838969,-4.32314765479493,-1.14310426252129,-6.76128963439178
LUSC,20.3166790196444,2.52878365970567,0.430640778087778,-10.9138480098167,-7.0269923754115,-9.41179385845711,4.55608750004015,-0.493771319477172
LUAD,-12.9357177375238,-1.49002130167583,-5.01637351983024,-0.998292351031344,-0.81305474936189,0.562455389257023,-2.17413723430269,-3.50066811254392
LUSC,1.03140840125332,-9.08949900464543,1.52671845123894,-12.5810724171236,-2.04910854797565,-4.84292759678922,-0.950508782539477,1.02559942239267
LUAD,-18.3300507203066,-9.15329264621052,-6.91414807841157,-7.15809002176424,2.8839797255653,-2.12654749061665,-0.734882158231518,0.0231157102768872
LUSC,7.43929321046793,-14.7195400223284,12.9832942473385,-7.78017437755301,-9.95883335082739,-2.42299400108137,-13.1763161375957,2.17125779100081
LUAD,-10.3399746885286,-5.63968404233517,-4.75353618131331,-3.40033277194678,1.19788239717426,4.90949378187056,0.496387794390971,0.577366919274778
LUAD,-10.1966752168175,-6.45757059403339,0.371325587286655,0.598241434524988,-6.09614790804721,2.01865913434599,-6.08337336319515,-0.746033568893092
LUAD,-12.3985809888627,-0.529086001555113,-11.3515991782742,4.43821311016937,-3.84714583156147,3.9647605991179,-0.802786741253045,-4.97464131566357
LUAD,-24.3083834904482,-6.19895946239292,4.6815796015562,-2.53185277282396,-8.49170996938341,-1.1423697115954,-4.59679251147163,9.61619418221499
LUAD,-23.1782696014898,-0.666708360993878,-2.83968608284155,-0.306633998520514,-6.74644280742517,1.10718535848715,-8.55520675002991,2.38538642776979
LUAD,-20.2294692857655,1.01615290588311,-4.27020519681183,-2.0777107789363,-0.824331291215082,-2.69293727695714,-3.56832808194982,1.97153512503247
LUAD,-21.4781129273032,-2.21369059707621,-18.2378986136543,11.199505616495,-2.10135154051512,6.26913315335847,-6.26190192549241,4.17458041038961
LUSC,36.0795214706478,-10.7713014105671,18.5297857517905,3.22370066677153,-9.62563503261759,-12.1140405760102,-7.35514275583468,-16.4139817514168
SCLC,11.4339112440669,17.1971003923027,-24.3308042901242,2.03114288308347,3.15359412338526,-22.2460377965389,-1.1780659722114,0.796601540253354
LUAD,-18.4540029154013,8.38260503950757,14.9116704752157,1.4016947701488,-2.95806495320708,1.86471368935216,2.88968554201003,4.50559158482441
LUAD,-14.2014341662469,7.15447287245404,-1.73388753925479,4.79203411824363,8.44044524738912,1.29137437765094,-5.65774071243001,-2.13294031242969
LUAD,8.74101277766971,21.2638979257057,-2.31128291986393,-1.27072550340164,8.16742163388325,-16.7097202037427,4.81418863646633,10.3059561904804
LUAD,-11.1039304380153,-4.12291353866958,-5.07619031124864,3.22102247318218,-4.13851707871417,2.10783478287366,0.362350385390249,-3.68757746006151
LUSC,20.0841551017055,5.73311663095077,-8.80491294080382,-1.79226669416086,-1.51849885474319,1.408230903243,-11.7349908429519,-6.35557876662915
LUAD,-6.68829030500009,7.59137456358373,6.99467614607092,-2.08886286731829,8.34123311408885,-0.0876371286701402,-0.0398445701082245,-12.3013446008852
LUAD,-14.6662800328063,2.6223481447081,-1.19423765128219,7.66840326783507,4.46901286747571,6.71749023877896,-6.56310916303872,2.86022622724267
LUSC,30.6161359205714,-5.35039623392156,7.05443123785832,11.5357371354044,20.0111467046514,16.5359343475751,9.08033515914191,-1.54366222335489
LUSC,-8.40512475763435,-7.80432868927367,-6.8919994786896,-11.2286402445094,-1.3228743640434,-3.10139046755161,-0.968992439480689,1.14757523542891
LUSC,25.628706350257,-8.06148271252037,-0.819331097025239,-13.1047876007531,-15.1485188860536,-8.86590800736317,-5.36138818585619,-1.86660185193806
LUSC,4.28894972520721,-13.520725822793,7.12203880221309,9.71860883648524,4.65308709038716,-6.66036009540181,-3.34772546374611,8.80957656457095
LUSC,13.5708644399474,-25.7595284992893,7.48522506233816,2.19284586954408,-9.97100500105389,-1.30079170721984,-3.01196891056972,4.48174426727476
LUAD,-6.53961135836888,4.78035202396603,-10.2942960714355,8.79260861050168,0.648349619433537,11.5698777393509,6.14758840230537,1.30575485038799
LUAD,-14.9191290189915,-3.03849552087591,-8.17220223982499,-0.328513901846998,-0.668952117732376,2.76891253384037,-3.73913786922306,-2.71084371677134
LUAD,-14.6948439891289,-1.5985564272269,-6.25887076634438,-2.29640027010007,-8.16782137203082,-3.7970595000485,3.51418705844195,0.43391621279788
LUAD,-18.68844367691,4.39269726384079,-5.3398675418569,3.56900927867539,-0.674491734916414,3.51966427630655,0.604772442119168,5.56237108535747
LUAD,-21.3363662620057,-2.83976363092975,-7.76204290594521,5.58512747132098,-1.54595136907412,0.982046782959339,2.28474528859656,2.79292670836577
LUAD,-8.4869767445247,6.90751823001341,2.8309862634673,2.25862460261288,-17.0580977928521,6.36489817867345,-0.877932278370214,-4.84491725975978
LUAD,-6.38575105123822,-2.06814327839606,-5.30689017655402,-8.56217205518368,3.57206373293465,5.53796755126447,1.7701528666336,4.49795692012176
LUAD,-13.716304206002,-4.34705879329333,-9.04119652036385,-0.835993958559951,-0.492419060964312,2.38340969965495,-1.46582975846417,-3.49620206748738
LUAD,-17.0246648133028,-3.89641028886945,-1.32980022385896,-6.05631196242285,-0.647983803714305,-4.18703029676512,-1.79509889039027,0.460777530490543
LUAD,-13.5272903028721,3.21934138116822,-3.73026011922647,-0.340796173811831,-0.331703927305508,3.82730353688427,-3.3717655677451,-0.722898969033562
LUAD,-15.9765450283414,-6.41134865081815,-8.39352001890913,-1.01379820332746,1.23660113753889,1.38224056039852,-0.354379521238163,-1.22316079131906
LUSC,4.21878620532973,-7.37119506039954,-5.8951591833154,-4.3649138524347,12.9692138589699,6.59535196331087,9.27974565132917,8.63083653343144
LUSC,7.0962469858115,-9.11095823442123,-2.71262313998745,6.78199344421323,0.119818866554434,-0.0660227260013694,-3.28637855150813,-5.0016781280143
LUAD,-19.3014999877065,-3.80496246115891,-6.07273027855486,-1.03301296420204,1.91061434483194,-0.421026599276718,-2.05249893099504,0.383018948314515
LUAD,-27.9596879964033,-8.89314077452078,-2.48146382116638,2.55366914944579,-6.37212529441879,2.06770480575151,-13.0420923655927,8.79167763663996
LUAD,1.56935487263998,14.7940776840113,15.6237774092967,19.7002851926936,-10.9889351031727,-16.3485911030976,-1.06594171288317,-17.1427756226559
LUAD,-16.7682108670585,9.04011459055666,0.0919648548203731,-3.73654360863969,-0.640971956607472,2.72011331615931,-8.70221458511287,-6.38801320540338
LUAD,-23.772182908631,11.4029256769724,-4.51395713615781,17.2805778088667,-12.5067635940855,-1.01393358792034,5.07684588544322,8.55373213765081
LUAD,-5.73071701969111,3.02529970164296,-2.55050852203082,7.86905061841984,-5.70548519844579,2.50008264175095,4.1961315146527,-4.28899109742409
LUAD,-12.3988682510129,8.91717549302907,-6.41132561785556,0.526757053321207,-1.25800508128369,10.7497138403156,11.2309034814819,-3.48314727959873
LUSC,12.3584021812037,-10.8564412402714,-6.31772108996861,4.95151473449613,-2.33689627568178,3.85320521979132,14.768502142899,7.11320181484656
LUSC,14.7400185680627,-2.48542297804694,-15.8106126785098,19.7809050440217,-15.5761896266287,1.97388640838223,-9.94468043652718,6.52977318083535
LUSC,15.1094163891606,-6.23260969371351,-3.22692499467722,-9.67289716746967,0.366436967912015,2.0053659877016,-5.77223177322675,4.58492192726396
LUSC,10.1516482342911,-14.7384644568349,11.1679306096019,4.22669125215702,-11.8828840909992,-1.41011226118042,-0.0607254840621304,-9.80701883723675
LUAD,-10.6315207687439,19.7312291932919,3.53436106590684,-12.6142666550545,0.68550851274512,15.12076026363,-4.1739406424793,-3.7238875204907
LUSC,20.4318392054829,-0.703032635230909,-1.53921171536715,4.42785250592377,-16.32932707491,7.34664156974509,6.19834472357584,0.0333684349848443
LUSC,-0.126769726860849,0.399685949306672,-9.31543086630128,-11.2322572685855,6.61888464721804,7.48111444825568,1.39288768663689,-4.30716524561859
LUSC,0.631365206314504,-7.84891863530934,-9.00787682061236,3.69926042558493,-2.487628906126,-1.39705962628358,0.769820222832178,-4.32617255929744
LUSC,36.8338593537745,5.77425764561138,-11.9202455220572,3.11998019962483,28.364764701898,-7.53374068914342,2.02945356352363,14.6116761178367
LUAD,-11.6802592859187,-7.15946575045687,-7.9117562205122,-2.10473068577198,0.734205318678739,1.93628313710963,-0.660187377215591,-2.10059751546437
LUSC,36.354414036751,18.3637054628018,-14.9780747547647,-16.0838118439961,20.4444268750636,42.7250748951137,-8.23851825714046,19.255142722581
LUSC,4.47888324805077,-12.4220356867421,-10.6727467528572,0.908062072776907,2.98162726427533,-3.18187496348922,-5.7686004672997,-3.65792640927581
LUSC,20.7854766660766,-8.39905323014373,-11.4821930178175,1.30764511180131,8.84622674631015,0.873323157705929,-3.32804480304007,6.7327756806552
SCLC,33.8267067048252,36.505545073791,-30.5594358937552,4.07813563745255,-2.71566180858542,-13.862949882724,7.06861293436695,2.64264313779012
SCLC,30.5047024924193,17.1037636825126,-10.7779853372467,-8.01234065948031,-5.54724571674495,-24.1141962614373,0.382970484131455,-2.05018462766818
SCLC,33.389365863267,-2.60182861923482,-18.3839131725042,-0.527958219514901,10.4458278068194,6.59254859151712,0.272669474992966,-3.78799120746215
SCLC,25.2531357690933,13.1932881052887,-25.0036873081477,-14.135538499903,-8.66500287423988,-6.44076093730283,-6.35148229946351,-7.43161304238625
SCLC,28.2809834380205,24.9303823374733,0.858863254072122,-23.4604101824474,-5.74626706275242,-3.43436817944069,0.205374641935951,-23.4953423608589
SCLC,31.946245369346,17.1344841165802,-18.0323817180039,0.798087561014142,12.1132263640484,-2.42043796857951,-2.39041788603036,-2.37749082513813
SCLC,27.373123345005,-0.772686670544859,-0.136561364275816,-20.3892425550401,-1.69772700926258,1.75136820105636,-11.4087354707281,3.60905996490354
SCLC,17.5482864083008,31.6590057013379,-12.6302638970574,-13.1501537005995,-21.0108930458821,-6.5123038077128,9.05422093400436,-1.09110904319024
SCLC,24.842423208945,4.63279879722756,-7.71601361685028,0.735229237482348,-1.86081851827096,3.57524142865112,9.4242686058945,-1.73782352356875
SCLC,32.1552278956955,4.86980922437228,-20.118945219863,16.3127825682621,10.0189075568945,-7.88181892435152,18.91571494331,19.3168783649718
SCLC,4.95771210344528,7.05373869100081,5.6914013196915,-9.93939182503382,2.96066425025132,-10.118794131492,-11.3800253826131,1.75203482596836
SCLC,3.48530948686172,27.6964557642562,-2.88315328509483,-16.6771694083072,-34.7789740432931,-2.49744189143009,-12.1498916489326,20.19894717437
LUAD,-13.4534165237157,-6.49039604971763,3.32515603477425,6.48557111240903,15.5052876103418,-2.37305190508684,-6.0348031242379,-1.01998036815365
LUSC,-3.68035149446619,1.74240480822754,1.02491576356605,-7.29589538314022,7.86163808485175,6.60095726755202,6.82609052218394,-8.30354986950262
LUSC,-11.712858268197,-5.14128207862872,-2.03825426092716,-8.58269803909203,3.63662908935534,-1.10380870759083,-2.14475061923754,-1.84539686819721
SCLC,32.3901337706366,12.3267932371398,-13.0759198764488,2.65247005298452,5.7896093634958,2.39232162827974,0.532025563946433,-3.56438292387073
SCLC,-1.9213835000788,-6.03651418989701,-29.7433609105567,13.2447052006897,12.5427804957345,2.89463002893819,-3.37270649789546,1.5281506112435
SCLC,13.019777353545,2.57073798799957,-0.912269731840124,-12.2715283454851,-10.2454010359363,10.9823031110437,-5.55346353668982,0.115205779325452
SCLC,34.2767143194852,15.7076714719924,-24.7750074766158,23.2783025766342,-3.61745475398074,14.2417988358015,-15.4924419765834,-5.01477432544072
SCLC,25.9637399224073,1.87295275274139,-17.0305131104296,15.6170761137275,-11.1933848414885,-4.14577152656535,1.78744361048088,6.58820662995512
SCLC,35.5578748484486,4.9614542195829,-25.1116509880248,3.56718066344073,-15.0607471618642,16.8068187632927,-1.74613008367546,-3.96765923079371
SCLC,-8.22862626599822,16.9024900562666,-22.8168759638337,11.8278589181879,19.9354494167619,-5.89567548079103,-21.8836515021504,5.4297976889899
SCLC,17.0964406343317,30.6571142470628,-2.82765402373595,8.77896047624269,-19.2073088571704,3.51375357867793,-3.14059977447341,6.1334418797284
SCLC,19.4432946867171,19.6337745516302,-5.53485234986187,-6.88390969997792,-20.561644235379,-6.17015450201531,-18.0663176247199,-8.47977743041121
SCLC,5.58450513012453,23.5292468002667,-20.1741025671538,-5.39467161040715,3.38052074324891,-3.42964254467353,-2.77489364043512,3.84171440443581
SCLC,39.4533980276264,3.037933129474,-11.3845868336242,-7.57621071012151,-2.73868287498522,12.006231853933,-11.9706684819008,1.95172967334461
SCLC,21.6469454841541,19.4335581754379,-16.5933208839833,13.2384117454868,5.62417394912039,17.3300863300272,13.429041091858,13.8238018290797
SCLC,30.9170815033559,-7.16743885201323,-9.47023877073922,-9.66137777648736,-10.2481441979778,-1.39282140243107,-4.07457647416803,1.52175061751813
LUSC,1.38892079683727,-11.4225900158939,11.4716140657398,0.412100941918832,-14.5906154535394,-10.3289142672085,-4.89705700257051,1.70617109469364
LUSC,-8.9696470398514,-9.8632325853935,0.513368857416487,-3.32684391196714,-3.63776815050645,-0.66339409692202,1.71591823113833,-0.690841720639573
LUSC,19.8761256649926,-4.97802793458029,-5.22004915944475,-6.9876736791061,6.6276037995819,-3.36699875042285,6.06000868100421,6.36940034384549
LUSC,-15.6993499069165,-6.76953154972679,-9.37184182484742,-2.14105435045007,-0.00402658985754964,-1.53526650905751,-1.07760905922105,-4.81520956454436
LUAD,-10.2781103933443,-0.992905234406576,-1.96922483364055,-3.11287754770463,1.12835951725799,-0.420619777019438,1.64109060786837,-4.56395121079014
LUSC,7.4015582745922,-11.2763923222585,1.29257270868268,-1.85304605402572,-8.00472538010098,-4.53460934766131,-2.67300629503968,-7.21981225612593
LUSC,-5.43128797244897,-13.2296512277686,-4.5718078200299,1.18483409358477,-1.69428324486792,-3.36381877494205,-0.576098489093989,0.71373500778144
LUAD,-7.41773665328846,0.336944752135933,10.9055823274598,-4.07692866714957,-4.26096655076632,-10.5824721289859,-3.3372525064023,2.37333320517497
LUSC,2.83645575121715,-14.1624161168778,7.07197163095734,1.75299341535494,4.04802026211952,4.46436013690046,-0.496591996783044,-3.4116924042962
LUSC,-18.4717022631732,-5.50750278359984,-5.85482867525591,-1.6973821345336,-0.591578851781461,-2.99886970255762,0.201240076554042,1.01638664708259
LUSC,-2.22459952754642,-0.975496526038667,-3.43027828989245,1.10588390752235,5.44515374508059,0.707223346335793,-5.0938698152787,-7.20562342293065
LUSC,3.43685744238841,1.0957489508639,0.410601051591016,5.18799941617496,-2.5890623596531,0.411767678762271,-7.16380774816934,-5.6340310069958
LUSC,6.59287608557552,-8.51740402063301,9.06428258359955,3.05530562811496,1.70808202483216,-2.7091301711822,3.04910701707388,1.17390837051933
SCLC,-2.9837676491901,33.1256449555875,-17.2099694764982,21.8199682782101,-17.4046480458502,-17.1391594362096,18.2349896914639,6.66434135153262
SCLC,21.0835185616668,20.2287634560265,-11.7930657492208,-17.8651837898403,-2.30436164828,-14.8307242644635,-13.873217731426,-8.48195583293152
SCLC,11.7673789656403,10.9029957275948,-7.77818337985857,2.38362212846042,-3.05101655304534,-6.868767604785,-11.6750680821309,5.17011477788497
LUAD,-10.3168990652693,5.77168628162799,-0.539093799393972,7.78299799897139,3.27263917326782,-11.1265811358993,-4.79136229952811,-5.54111158576427
LUSC,-10.9132026722144,-6.14694141935796,-3.89127953498078,-8.00685512552462,3.95213789422568,-1.77439542046517,-2.05684353521032,-2.25689139215122
LUSC,1.76248459499407,-0.288918004582756,-5.1687473221678,-5.31525747739126,6.09743243284768,4.10296771661598,11.0029929245265,6.22203844069822
LUAD,-1.61668241662607,15.9623005956016,-12.1911874115426,3.52152572458177,-5.79918710065983,10.4924818077555,-0.822519567361179,-13.4974658000498
LUAD,-10.631684138002,9.0628145424427,5.02312848505725,-13.1894169818961,-7.25201720044315,9.94854656730173,-0.30986378458969,10.6986977446662
LUAD,-15.5162674239223,-3.00772458826213,-0.491928811753116,-10.5042069586527,5.42930489903378,-7.59088190959448,0.878795684840265,4.80932266024772
LUAD,-18.0482217547039,-9.40254731197912,4.39205387348259,-2.76561867129494,9.2889240348493,6.82096673572695,4.1882494789676,0.82313702410229
LUSC,4.71920616191177,-11.7148530024055,-0.423063872602932,-2.40460223338926,1.34956090374509,1.92618240037115,3.92542921362699,0.537869276380443
LUAD,-17.5720522566583,-6.25266265706813,-8.92934722373399,-1.8476772573488,-0.0053662941583147,0.804191369271163,-1.31859111726515,-1.08335426329976
LUAD,-20.3640177283373,8.58075806594307,21.9434020514399,-0.560290247804576,6.76786499696526,-5.90926866216813,-9.57312944410495,9.15402233059435
LUAD,-9.88906878777802,-2.46184158939597,-4.73290147537358,-0.942537225218748,-9.49020654738103,3.40393442110189,1.69010191565554,1.4814551196153
LUAD,-16.7460651596517,-5.15738690327381,-1.60030322622954,-3.87431656795081,5.78053720560775,-3.68879675536406,-3.02025057617006,3.47227498251996
LUSC,3.26233998533752,-2.89841473542134,16.6181756880695,-6.47928697399404,-3.10549010496805,-12.0333085083687,1.35558948498221,1.08469430858931
LUSC,6.86474711480277,-3.02706267871986,4.2830180250263,-2.20746219417187,7.39872089091589,-9.46898848268045,5.58031919324271,-8.66766172478617
LUSC,5.92867903461734,-12.0291268631391,2.30491255728451,-5.87548185569502,17.7840839206879,-4.04859876446392,13.7197712101194,8.27991208675564
LUSC,13.9409049269774,0.664715099479938,6.74235250235201,-11.7435197445942,11.2577797318949,-2.59980591170168,-1.74812514244613,0.230945995330391
LUAD,-13.9174464828633,1.74823197807404,-12.6237927086249,10.3766926726491,-4.81745398469978,6.43044601229293,-2.72192130994193,-3.70981503702989
LUAD,13.526343139005,3.1483630212269,7.74179964230062,-1.96521180707247,-7.63344562051199,17.6168762064121,5.46753441627062,-3.50875670364076
LUAD,-15.6972647845981,6.79113967419415,6.17958543244982,9.76333174636172,-14.5115180397653,0.544449261069197,16.1494086526069,0.715070386246686
LUAD,-18.0534108610606,-5.94438937839059,-7.71129492934271,-5.82102334500508,1.62612557525191,-1.05782123246724,-2.31352988953636,-1.24169893944274
LUSC,2.93264757685138,-11.3281158866447,-1.19616453588762,-10.0829331764676,3.09699145658456,5.27712424839471,6.01711002782282,-0.212307492037052
LUSC,-0.217351616105229,-7.12332252547164,-0.543327165700372,-7.30010656959002,3.87207179726437,-10.6741036870036,11.7961140298598,7.87906472251763
LUAD,-13.4693311715506,-1.14696933372897,-5.23727129373144,-1.48184976919307,2.52551308569264,-2.37358950935118,-1.29429490807919,-1.63774475089314
LUSC,-4.78213344233635,-4.69506349249452,-3.72074951761811,-7.46732695195268,3.18148209262198,1.60859679992588,-0.845842582512334,1.03124697816004
LUAD,-9.93789928825601,10.9099220082724,7.16232157413061,12.0536965907676,0.813412704874778,-6.12068191534197,0.333744850453739,1.48764141496002
LUSC,-8.32805710523244,2.50388332762255,0.471434451327249,1.31694419179299,0.538880479928167,1.25389665286004,6.47953297714493,8.57570811185413
LUAD,-8.82624000246186,7.67917644900213,13.6696241334955,-12.0419529730434,1.42647259807146,-10.8154955961441,8.26403272252347,-4.43274570234009
LUSC,-14.4735167864168,-4.88305213113969,-3.90006027400304,-9.7314756753255,4.48530713659593,-4.2563433428602,-1.95517870507614,-0.592670614990063
SCLC,17.3155237029965,20.422041367109,-19.1256490820961,-13.7633860431348,-14.0773013895354,-4.60714590258108,-8.93883321068675,-9.52684079577576
LUAD,-15.1344961940756,3.89307033718808,16.4487610991741,-12.5819744945474,-16.4588117644042,16.4874916177237,-5.51730576635951,10.5347214447558
LUAD,-7.78346806862565,12.1141139289701,-11.6202295784414,-0.257721208230971,-5.55225412615909,11.6082069276672,6.09691619693515,7.4214457880143
LUSC,11.3619716231661,-14.6064473598689,-5.88068179109474,-4.79318199614779,-12.4364547791871,-3.51164495699475,3.72353113310499,12.0893391686682
LUSC,-7.69219883256271,-10.2207564261241,-5.78093593751856,-8.09465305133678,4.26882021962914,-1.59205991956514,-1.27274354522456,1.15458123396003
LUAD,-18.3556835647763,-5.55770597632924,-5.29494249144192,-3.48852572570932,-0.380992994673171,2.02633653535425,-4.87390818072541,5.83172356943159
LUSC,8.26053921559531,-9.98841358569113,4.05340714620259,3.42547985606538,-1.58768728224281,-2.38011829123102,2.11260582831626,4.74907076040255
LUSC,27.3629784739988,-11.9784082420638,-3.58086373369371,14.5031146525704,-6.71080172984923,-8.17227062754499,-0.978697424629009,-11.9035720956702
LUAD,-21.729579713554,5.09349934058827,7.25509736636025,-6.00370930903813,-10.5406544950919,0.270070966384759,-8.09996109385194,-6.49763714124399
LUSC,19.2577434315875,2.66376366234461,0.928878332927431,-29.5989809444003,7.86925892936029,3.80553155808194,-4.42370467298287,-1.83004684557022
LUSC,11.4339207519726,-1.10243306107313,6.29642830512529,-3.63289557738878,0.826038913719074,-22.0943220288347,0.11065061174612,0.456954657150164
LUSC,-10.9717615203464,-10.216080985283,4.78065906185475,-0.465701461944822,-5.71530765464352,1.19314596632959,-5.45746690448565,2.70445867948304
LUAD,-13.0047743428769,1.88557180157756,8.74502006729255,7.49956427190048,-26.0112060096308,-16.1100913374142,11.7591470596246,-3.30388098062684
LUSC,0.0460727261456977,-11.2589945266079,1.17935338436565,-3.67932605963249,6.02975849733961,4.89346854358063,12.1457250024824,-7.08518990458883
LUAD,3.86958608593737,14.2972430637821,-3.78781559482956,32.6605588221411,-8.76938151612124,5.62758400290952,29.927659908866,1.60483444978772
LUAD,-18.6244754331649,-6.44880032033736,-8.80847194474134,-3.75050109809947,0.343595242711971,-1.67387455259838,-1.27408166117069,-0.749246087727296
LUAD,-16.4113788300621,-0.733572951143616,-2.78648733109714,5.70502701009447,-2.28160780335528,2.44237577263364,5.94713582055139,3.61446460405993
LUSC,-8.35503802463281,-5.38885181659657,-3.54155452987852,-9.9804353148794,2.61948915534554,-2.7043321656987,0.355628143746327,-5.50030671629605
LUAD,-8.94469356497454,10.7663248073973,12.9225715755207,14.8661983122506,-11.130340507367,15.3763222354233,9.88400563367234,3.69815280192243
LUSC,-7.48398114393072,-6.52269965696405,-9.27598704255476,-4.86620182081961,-1.4083335534008,-5.23773640663615,1.25416574649341,1.66111869779746
LUAD,-12.9465969313915,4.91798290939944,0.181609068773242,0.761572107233822,4.27710454926881,5.33123145966181,-5.99799064035153,4.19383082780393
LUAD,-8.92560531653354,7.09278653755614,-0.796836952205823,3.07216474230834,-0.537436731919552,1.82827222843711,0.098891541882012,7.84533745937119
LUAD,15.3574117707391,-7.54275767063144,1.61724011435553,-8.44981844276678,-2.87056179987174,2.59420744737403,4.56658634591058,-6.38808611318042
LUSC,34.0101888026049,-1.28241875164097,18.0060861542416,2.59036744162433,-2.58765480288824,1.69423496777207,-1.85480575295499,3.01250671836441
LUAD,-7.84069352309553,6.22954412896558,0.705388173650004,0.513157902943614,7.23699798807506,0.969148679417275,0.750055820335052,-8.42034031344519
LUAD,-7.60784697763312,8.77598826546412,-8.66534197360505,5.67530526182939,3.59822715065538,-5.27800639523166,-9.19942281067546,-0.824479347999128
LUAD,-4.97018225444489,-6.88314171521352,-4.12707466276863,-7.10397055731891,-8.33685431306959,1.75410285901493,1.43544030462376,4.83795571678907
LUSC,-10.8081670299457,-13.6126494655653,-8.37801174867446,-6.43881439444517,3.19370389525603,-9.18001096728594,1.75392624500961,-2.92213107444243
LUAD,4.26094003470567,1.92556507516612,16.8640097575542,23.5165232297587,14.33862113667,3.20994414966192,-20.2016025523057,-2.59820657626465
LUAD,0.345864972232521,-3.14026137820363,-3.97622305986521,-0.900724508861321,-0.158420911034032,2.46731581188236,-2.46628078289952,4.59019526703691
LUSC,-13.4975102773468,-5.8336671504035,-1.83276048519333,-12.7087007268373,6.51363243272669,-5.13550481582805,0.474548855016189,1.25874202921807
LUAD,-8.04830042107016,-8.00280918917211,-3.26445577539412,-4.48871983086822,-5.23940689575746,5.09346117251709,4.49802456991434,-9.50241828850217
LUAD,-7.69258120363139,6.32427796967905,14.5754640452987,8.90136547588332,-1.64971025369682,-1.35550459395344,7.03115437457268,9.83859093218826
LUAD,-10.193771217247,-1.19497187195869,3.8674737047333,-3.24672376438221,-5.36823954655318,14.539471855513,-6.73011360343024,21.1506385410275
LUAD,-9.97227778047086,-1.85196062087405,-4.7513718889681,-6.01164632151114,-2.29675768616344,-1.41724593236111,4.38901189310979,0.195285992712124
LUSC,16.5330681329442,10.3221261277327,7.54786462267712,-18.9364373536112,12.3132854524736,-2.71157538993947,6.55743646225095,-10.5448643488982
LUAD,-14.595550520498,2.70600163273751,-0.276497388907652,10.0479420791149,1.64120511781768,-2.72329960074635,-1.65894179104571,7.59342987592934
LUSC,-6.17732119441739,-4.31614823739858,-3.16126271566899,-4.80022982412672,0.959857832821643,-5.54875806551064,-5.91704437212299,3.9005203747843
LUAD,-8.26125927975937,27.6516216607574,24.8499434509272,-2.43807733103221,-8.66072435330278,-0.672301158761758,-6.7009828479385,-5.34372081792336
LUAD,-18.4929573326635,-0.824757909405799,-2.47546836585228,7.99793225238449,-1.49121920970709,0.214012494993988,-1.00105347996113,3.47158585594815
LUAD,2.28959244263187,1.49188580880537,10.0197787778192,-1.79701819443415,7.54106124983836,3.25494797107436,2.42401771334105,-2.45490410865156
LUAD,-21.0912756257846,17.4598299176397,-12.3913717057791,-0.789346319262997,-14.4931679074889,3.49317387118693,13.4289249206851,3.83256240866149
LUAD,4.08804826052288,10.3191835157778,6.79747075983874,11.628735812515,19.7918227163515,2.96329718934487,-16.7351914164907,16.0861471693747
LUAD,-3.43689763670708,11.9077268978621,6.1262562817236,-3.58587514389625,-0.545240787347699,1.04453107837135,-9.26329948084069,-3.13252357046894
LUSC,-12.4819956029196,-5.41425514537376,-9.52454585975161,-2.8985418270154,2.28793179387903,0.657770240406689,-3.68684939029384,-3.39530538660258
LUSC,20.9456749348183,-8.65346456650109,5.39648479181521,11.536995474788,-2.48268128765446,-0.557099865020349,10.3926891404944,-15.1000033121503
LUSC,27.460450834758,-7.19738222715957,4.37169805827364,4.94232587493434,-13.1867552226176,-11.931814698087,1.65185355380198,-4.32771906935341
LUAD,-13.8741639067031,-11.8991302796423,9.55137008376951,-1.61380889122959,8.49106588346605,-6.38478443171952,-4.13801707969284,-12.3850239244535
LUSC,-2.24251067701293,-6.38466750610502,-0.823183591005969,-5.69296645388062,4.01916833746117,-0.876681813062523,4.89301032581811,0.73169834744635
LUAD,-18.1670646892647,6.45272992615531,-12.1380595299958,-1.53554411183672,-12.2010711202494,-2.33586324550424,10.7897534315952,1.86559068131854
LUAD,0.628104256967936,-9.44506068657894,13.8576666541544,1.60404726281524,11.9027292190357,8.70658909671444,-16.3745147697297,6.58877454677388
LUAD,-8.01201415339878,10.6227528508979,2.07422406762217,-0.586050011348467,9.50385031032028,-14.2403559480801,6.52137788057425,-4.02783584933637
LUAD,5.31906903225453,-12.4668280697837,-0.235846025141413,-6.32422030332338,2.01817836980198,-3.15557111782726,0.747311500681499,5.21983665794587
LUAD,-14.2565954312038,-3.94052234958852,-5.71666398566942,-5.65532672989118,2.10936607981283,0.163055347333801,-1.31220876857614,-2.95058448379283
LUSC,20.4580926063225,6.45143100900234,-13.1281061044151,0.247436509084285,7.61395722453739,-10.1428450912297,10.2000026574712,5.78408566543036
LUAD,-11.3608846693478,-2.42032273292179,-9.87199342001215,1.77471841329569,-2.10568393584008,1.85997527416221,-1.13261697026531,-2.272883875382
LUAD,-13.3599361359776,5.06847142279637,6.02813493588441,1.91361002431395,-6.44962770407832,6.06390159628956,-3.56428818717817,1.40006921775103
LUAD,-16.4186140984979,6.9819671142621,-1.68727299085306,9.65640655275016,-2.91152271192756,4.97985844926194,-4.39190676618949,7.59113623064947
LUSC,-14.0423559428797,-2.5297233911143,-5.63340567590894,2.25803529451582,-4.85029398169774,0.995035889998379,1.00620381480378,-4.5870803200582
LUSC,9.05810340525566,-7.62823279844571,-3.53407974498565,0.410323728975798,-5.4261915862393,-0.437495643408668,2.29565050524613,-8.38562927230369
LUSC,22.5386429274153,-5.02931426589261,10.2782394991019,13.5172727098553,7.17277458633775,1.87103190384417,-0.959410187465944,-3.25303467816395
LUAD,1.25507779924232,32.0468847102824,9.38024965766521,-4.40927574302047,-1.61089850373849,22.1557174923596,-9.11406381129854,-7.05740438005265
LUSC,19.3200588030055,13.2603937369097,5.83792153890318,-2.81898754804951,-2.33495114206163,-6.38106845184488,-11.2435781870697,0.932489074279237
LUSC,-3.33244243392013,0.521121227268716,-8.51978879772705,-7.13442880863011,-1.04455750013003,-6.49759852019636,13.1827075885107,8.31439453552779
LUAD,-12.0061832576186,14.8573172249413,16.1958043597264,3.17217047130429,11.4382270004148,-12.920669557005,0.887279059758303,5.6803266050071
LUSC,8.87230283418436,-10.6129706845995,-1.44443577811594,-6.32019384512259,-0.729386424322048,-8.03142209114417,5.80300443411705,-1.6935538097427
LUAD,-15.4072296412682,14.9885012769196,16.5020365475331,12.5118619100464,-7.55784649020035,2.79094646535752,-7.87845451796311,2.94910321197521
LUAD,-27.5327085180392,3.72977357093348,-1.95903274686498,11.0523158550613,7.80223635746671,-3.32746027678803,-0.633023821379635,14.7905856817061
LUSC,-6.73508122958582,-12.3825696338143,7.6721296185961,-0.648179012072266,2.23184831160388,-11.5761641160421,-4.7196642134285,16.0243519610414
LUAD,-3.47190064078803,-0.0432099196309322,2.28029021116555,-1.18266411209139,10.6975968055226,-12.0602925980677,-7.25596025191071,-1.46243419016364
LUAD,-19.3479927999997,5.24737460183862,7.46728620410094,-1.72530511874647,4.75124456259879,-13.3464998631563,0.749284991118662,14.8012553585606
LUAD,-7.54500790904691,5.94169929606474,19.5240256886583,0.579357212357063,-7.56529447792982,14.6664922695758,1.40250003022624,3.06750614957014
LUSC,9.56064942772129,-10.8203571960679,6.19053182755136,17.9517086606028,-14.3411009507006,-6.92332161999964,5.34548828591112,1.98055583782617
LUAD,-16.7278241360158,5.8354036652605,1.78497923188685,-11.4885381459187,0.0650160450906397,4.71535265264406,-4.05113007692097,-2.53019843728298
LUSC,-2.27410606359807,-3.13143662633836,-1.31637172657915,-11.5533626651385,2.11192872021421,0.573531652991661,-0.256980878237179,-4.68644248799134
LUAD,5.94681373774832,-17.0884941056743,26.2659661772287,-14.8406508753641,17.3358541884719,3.03795331250355,-17.0537454471052,7.86382535023965
LUAD,-9.89846900494988,11.5866046797203,0.662075342467187,7.73358766886187,11.0132596742238,-6.63150598812379,-9.30514795147664,3.95926103160472
LUAD,-10.521244493893,-2.30519176368018,4.91591033835165,8.01360857647068,-3.23455471520745,-7.1192260347603,0.718490501822556,-0.645107140702749
LUAD,-18.624927159195,0.770113433776976,-2.03992451850825,12.4196247505417,-3.45386101255962,-0.230431605850346,-2.89540341732903,4.78328010601586
LUAD,-10.7200951410802,8.47127665313281,-0.432271664830307,0.712975714640138,-2.19779139741248,-10.5589860708275,3.37804625480638,-9.02376165088168
LUSC,-4.33639932953614,-1.04379132584937,-7.84645890043431,-5.00760905723364,7.81980312898731,1.13236919503457,5.69459990226706,-4.38720259215373
LUAD,-19.5381409637627,2.82593011551033,4.15218356132244,-7.62827982503618,1.26692330425648,8.17812413477926,2.12811925322105,-4.98452927600899
LUAD,-12.6078572225337,2.6388812161162,2.52224519165879,-7.63959038924716,-6.0207082814043,11.9070768288532,-6.06557327869709,-0.485540154704063
LUSC,4.11152282676903,5.09355924438173,-9.6107340609041,-2.62206816966115,6.15905583584014,4.01528348337937,7.65528165197024,9.21432223495226
LUAD,-9.69569029942667,2.58510789693551,-6.2213092647742,12.0370016952946,-4.58871948151526,11.4558704862846,5.94862498747434,-2.42736449378026
LUSC,-12.33238394707,-2.63630202296785,-4.82558025606605,-5.14808362283826,6.30606365498791,-1.33038446334064,-5.25848835941855,-4.74356614068489
LUAD,-21.9164858837704,-4.80130216506851,-4.25422913864512,4.64150204285106,-0.499611794598896,3.46154125349861,6.01370760537974,0.312165090309091
LUSC,3.47322914888847,-16.4384111460404,-1.51476667463081,9.05029554436945,-5.83808707388409,-11.1505383031798,-1.20087875703238,10.8527734021144
LUSC,-10.1184141944707,-4.59001745302528,-7.84499628128062,-8.9616550623576,7.07213780316008,-0.0845112430203018,4.37995545513426,-3.12031323082415
LUSC,-13.0386400397754,-2.9153172297924,-9.60789200601028,-3.82286386096217,1.77983319055767,-1.66099025068818,-2.51910212805617,-3.69502263011727
LUSC,-4.47736935108074,-9.95391364842204,-2.29775507217648,-0.896210798596498,1.67086985893579,-3.86745395435024,-5.36255917246577,-5.16888781361944
LUAD,-16.1212048581758,2.33225326968277,8.49343957528305,-7.64309236012697,1.85392769478013,7.57915301709261,-9.65671653474313,3.81761819430223
LUAD,-14.2392075182536,-1.37682536104261,-2.69383895138844,-3.23567098081139,-0.917974721006502,-2.67888944010939,-1.23864788965065,-4.03977397629188
LUAD,13.6871667889034,8.9749919150129,7.6727819145176,-7.21509859883199,5.50143195618965,5.13578108954836,7.40524716146483,-11.9608572472963
LUSC,28.5637471363273,1.66499488515387,5.94423358396532,-1.88990826482053,-8.66040497797067,5.72142437143426,3.7607747837021,-4.19462989723262
LUAD,31.3027698982804,25.0753687173286,5.32953466312347,-18.3132081304772,-15.1116120480475,16.5928160496371,-3.54747270269329,11.9496764712451
LUAD,-0.487703192459502,15.1747638402003,13.4571189381552,1.06021451490548,-0.406753585777992,9.28324121321906,14.0038377673936,-1.36746645003671
LUAD,-10.8693275132975,-0.131032388177493,-4.11224489164871,1.15513614674266,-0.772568438432426,3.83306171357635,-1.05366837829023,-3.01229823708644
LUSC,7.85809334935295,-7.13307617630059,5.02148908478638,-6.77185890388171,7.37141941376511,-7.44480072898136,-0.589059412394143,6.08327628198608
LUAD,-5.56282822358753,4.97354716399775,6.62277842559898,-3.71994108706253,-7.11908592742864,-1.49008186470262,9.20356679880957,5.838033538867
LUSC,4.68096620905208,-14.2408152925008,0.543811465824976,1.04622026575231,-12.4688379397316,-5.15535735159875,1.69104903127122,-1.16348098707042
LUAD,-14.5548328736628,-4.29176157199208,-10.368674302541,0.346699751504203,-1.81754644450584,0.908130596130525,-0.981011084095529,-4.79339223111713
LUAD,-15.2750797068444,-3.96850843402859,-6.7373252596733,-3.07980961956554,2.78036756368465,1.44510337950406,-0.609759165744394,1.31429385039351
LUAD,-3.29740270713637,-5.13341454607717,-0.471851076688121,1.8851772712252,-8.84884700304242,5.67248521018192,6.31045571549069,-3.51192919613236
LUAD,-17.8260574118809,-2.98725814659788,-3.9754173335878,6.87116290602736,-2.74604809543336,-2.69788016181851,-1.17911284051038,1.03248531525023
LUSC,-17.417398664278,-7.33824777542872,-8.39596772084561,-5.76084407851816,1.92320343481611,-2.02357742337785,-1.63533995623865,-2.50186006393393
LUAD,-29.7572903680559,1.49570986046542,0.271556470815759,4.16695152515551,-8.18925213556118,-2.29514294942603,-5.23161015161564,7.34006183822
LUSC,-14.7090449591191,-4.34788822640546,-10.5563415021349,0.287882999791016,-1.26621896541171,0.567753977887512,-1.60890123303297,-4.73816461168627
LUSC,1.78106559676495,-11.2911614901713,0.0857047231544137,1.47649191602001,8.01024352946647,0.554783195870174,7.55989207758705,-10.3537010651479
LUSC,8.78812273710966,-14.0727141769871,3.59606583413955,4.56257819207394,-3.87906451857651,-1.21417651666487,-2.64757898732497,7.816333456437
LUAD,-16.0602174766541,6.55132704857508,-3.21756979989647,4.02361032437877,-10.7943386503522,5.27551085990194,-4.88642343507466,1.88136329975779
LUAD,-21.3686057272135,-4.91782153816402,-8.9643125086857,2.20472923406987,5.39033938855081,-5.82524645186297,7.4365171523714,4.83045063188608
LUSC,-5.90848796497669,-0.596277890415295,4.53755390959673,0.937033813375688,0.378270887382581,-5.30267429091039,-0.61581806235269,4.06814242807729
LUAD,-17.2939036030991,-4.1125793578384,-0.629419688791259,4.65044631777342,-0.486470595423707,7.06064971099682,1.62917099295601,10.891907421715
LUAD,-10.0094722021271,-1.83634380867782,-0.632188754060209,-4.31987999217597,-0.393912269431386,3.67239363964452,-0.230714300145079,0.247534528380972
LUAD,-9.48659745615132,-1.94668522217891,-7.61761539998607,2.09757180993164,-0.391972503977804,-2.00202353524998,2.9284852582177,-0.724791967854627
LUAD,30.0736950556578,2.68784544662931,-11.9238589565644,12.8835901267786,10.2079710578393,-0.805938070273727,-5.63357329791521,-11.8727599780955
LUAD,-6.12651263535977,9.92514928342011,4.50564523252964,20.377658948843,-16.0355883257539,4.25949207439081,9.64267705722612,-6.40054917572906
LUAD,-0.945348727602702,10.0353750398,6.65778235483475,1.17781277089516,2.0474432917329,9.15154445409754,3.7215718228588,-11.0080911757329
LUAD,-14.7606209971941,-3.7384399985149,-9.40727536074139,8.89041349333269,-8.65198156840717,-0.914449980421856,7.85823005903586,-1.99362468553559
LUAD,22.6600721269732,-0.782796720965568,-0.320655292074314,-4.36063575339011,-7.82812436391397,8.22318749881078,2.6287043493962,-14.3779042814212
LUAD,-0.0198109951768396,-3.65612814057181,0.688265258030071,6.04511326585373,0.310657850518363,10.4226133886223,1.86501491043788,0.344449551728354
LUSC,-17.3185571122689,-7.67446185559289,-8.03039669762879,-6.22126454069678,1.70743470299022,-2.38269141137682,-1.56971533553894,-2.38982076318644
LUAD,-17.3733729703977,-7.88175710238127,-0.67239647935353,2.77226541619518,-5.06485384194167,-4.30089932545858,-0.661091072551965,-1.73407152010571
LUAD,6.48035397803911,-0.562124551193389,2.06586188886856,-4.64305503988977,-3.37564168925539,-10.7403473614331,0.006176429662129,-8.04126721084714
LUAD,5.78599658478838,10.8018927816078,1.5547856678813,10.7034912366295,-4.47629561168212,3.27664893456838,9.72752752273116,-10.5790251858684
LUAD,-9.10096274912151,8.44428231813831,1.1916579944155,21.5586041583749,-1.94563378023626,6.32485041570236,-5.90767593431293,-5.79103855724355
LUSC,7.14650507682714,0.0364076018499091,3.99949569775805,-9.44846306027983,3.57659287226069,11.5003113432802,-1.46861292143554,-1.65703759249682
LUAD,-13.6253782755687,2.54801824463885,-0.975772089441577,4.52687343144306,-1.57495126338258,2.88605582700553,4.56186172005986,-1.11419926221339
LUAD,-2.54972214430166,4.80244342344267,7.28683677890602,13.1806122055891,-3.4966043482083,-1.38576042759179,15.3011130142517,-0.683438646717602
LUAD,-15.1067129403177,-4.81839544642239,-8.66403817671164,-0.212760616099013,-0.6705292585878,-0.366333464937425,-0.685111663105224,-4.71368043763547
SCLC,26.529647152252,20.0538629492954,-5.91772898695407,-21.0504981471562,-24.7620496920048,13.5721375908433,-23.4421306765737,8.84251335857783
LUAD,10.4616973894527,21.9253406572042,5.20368672557315,7.47671424459178,14.7931183472655,-10.2143379911094,-5.82890582545966,-0.782092821304211
LUAD,-9.84917082393964,11.2295370290906,5.30319232660072,-2.3995772114819,0.505610805236866,-3.26118151937619,6.66422030860523,2.03723920356046
LUSC,-4.60859673434536,4.67220991022222,-9.35117169473893,5.9098404226449,-0.133109796949802,3.15347782658595,-5.72701727115252,-12.752275634782
LUAD,-13.7009869497594,-1.35407791348996,-7.71102079171349,-0.231759479386966,-2.96141077390746,1.6583073220011,-3.95969633865565,-3.58590019100819
LUSC,44.1542985616111,3.42739933009969,-16.5495024945756,0.467486945892474,-9.97479644018454,-2.44640813367375,-5.73348942912181,-7.44303546832658
LUSC,-18.7194123730103,-8.83604978335894,-7.14960249842647,-9.22198682777673,3.23938306783744,-3.29975118356506,-2.22947210994966,-0.870668115684862
LUAD,-9.67027142846457,0.670867659252662,-1.77654314856018,-8.5658595651417,7.81244174082572,0.448118192929884,-3.41284053947756,-5.77031071710567
LUAD,-8.44508739640592,10.313376212492,11.0234465751914,9.14375198411215,12.1527012550866,-10.5414391632723,2.16821174410538,1.62430520455981
LUSC,8.15352543019029,-8.02845506991747,-3.4724911211732,5.59061635029975,-2.47481799311121,-6.27234642751543,1.21057080224978,-8.33119228064497
LUAD,-15.7752279488787,3.72390150784654,-0.714503438934939,4.840479230112,-0.655911399445917,0.0982874367630302,-2.19394255483633,-0.229622219501999
LUAD,-17.1619197219486,-2.51014651983339,-0.431542331119948,1.58652302977617,-4.17877927298101,1.62901997840066,-1.1058074760301,-4.90297104212768
LUAD,-13.0465020601584,9.31676663375807,-6.74665234925287,2.25357874338607,9.14028160636627,2.19027008637071,-5.19531553945125,-5.45088953443793
LUSC,29.2872843967242,-7.6627796937889,-4.09175418616169,6.02918188811136,-6.00576589387034,1.15364199408564,-4.6028920168175,1.71489664144841
LUAD,-13.139616042317,-1.98663314892392,-4.64313438421639,0.413466437829122,0.594007373135923,-3.71054565404537,-0.23429176839704,-0.45999522842653
LUAD,6.42244520133259,5.56999756673407,-6.10684299900947,21.0251057762429,22.4038850086187,-2.18917499225992,-8.32129648416505,-2.70831336265566
LUAD,3.11900532878826,-5.79479740537562,5.52704926558887,2.41148128907671,-2.3717505354508,-6.57160010276812,16.4497569373922,15.4782697240091
LUAD,-7.08885637051076,-0.543493092394394,-0.536170461327618,-1.94808448458161,-6.35077995909001,-3.31559093012919,5.23689399509626,-3.35627573190662
LUAD,18.4723718424096,-0.44432687949116,-3.45088450627971,11.9332932361438,3.91898600100897,10.2463631166825,9.17152668512353,10.7308800009982
LUAD,-2.63394179867729,3.21914697283011,-2.04979796682807,-2.70106634422151,-5.13760198831226,-8.49772696152235,5.11807203181226,4.37391823675945
LUAD,-1.16108283327793,2.84816632402595,-2.06487111629423,4.71320426165433,4.75224361347084,-3.18627116606436,-1.21905418109191,-7.05895340607956
LUAD,-9.46985554950173,20.1844663372147,8.49249383430036,13.0229320470313,-8.10052410232942,7.15496418028333,12.4831334163196,-4.99462130156593
LUSC,15.7689183515841,-10.2043591860961,0.415576756834029,-4.18537023956617,19.9308778851914,11.0264691365494,-0.496566673318495,2.64772811566521
SCLC,45.4915313877859,7.94286334810767,-13.9432027213777,-11.6465289458863,-6.85287549016641,22.5323588676878,-13.1519462684924,16.8871447167279
LUSC,-2.89713429647509,-3.62551191035577,10.0367139721655,-12.2156890485816,2.90555269140252,-8.22416592888039,-7.3975725537919,-0.108950423024474
LUAD,-13.8560119332913,14.6955419728605,24.8685691289805,14.9659372349519,0.913957194973795,-6.05253754049171,18.0078422573641,1.97910880167986
LUSC,0.904588440693956,-2.72083388085239,1.02550625371758,2.14611382007336,-3.18805031423099,3.50968927519118,-7.98344596989639,-4.62231705910581
LUAD,-15.8615687347935,-1.71646009515224,3.12312786644582,2.33660959070216,-6.75904041188985,2.48294525042911,2.78625185501965,0.0513806043172876
LUAD,14.9557317702971,-12.9414291362766,-2.46429088646443,-4.32300854943082,0.739602356963945,18.8639198429977,-8.14546289337715,8.26423510449759
LUAD,-0.558688574674607,18.9461802207234,9.77226383437013,5.35770793042682,11.1641400739705,-14.9052424978461,-4.24396137511643,0.917320433636507
LUSC,15.1265160079363,-7.23946254810317,8.20637686141989,11.7574628876342,-6.97385461561246,-7.19196646391355,-1.9821183377351,2.76560320807092
LUAD,2.43193038440898,0.728275996513859,6.57587418662922,-1.0661694105257,-3.04648532943007,-2.13823066037926,-7.38890095022119,-8.2382900525854
LUAD,2.34818159200884,-10.7157508121773,-3.44933198911504,-3.71859648202211,0.729432090212127,-1.5236540957842,1.24359901258537,-0.85942106960164
LUSC,9.97924935120515,10.1627469900155,-6.68790366684682,22.3691713441942,-15.8016939159775,16.6576994613865,-0.209230935091008,-12.2385518802452
LUAD,-1.62997359453879,16.0240534006808,22.0249703775859,-14.577596998721,4.2153701158779,-13.3862623720297,-6.30305755583082,20.9731506512348
LUAD,-8.00877609285962,7.26617155675554,11.0674160680291,15.1229552600492,-4.0633282578466,6.46025932521012,12.1107878079644,7.4772348311006
LUSC,5.08006460011967,-15.0474724681696,5.61317231971341,0.0759649632000428,-3.50892952103573,-2.974032842932,-6.86195697069782,2.09969121316973
LUAD,-17.4418787614773,1.66977967651067,-3.73832037107959,9.29466590611574,8.76932129655394,0.19920163252309,3.04243681991272,-8.37357573853746
LUAD,-6.43001534057278,5.96930143262616,6.10965101668172,-0.520791611067616,-0.529268052404393,11.2392156315624,0.0303789600734446,-2.45887144116957
LUAD,-12.7099653274064,14.2427579820965,18.0653675752401,6.2427089555074,9.9636747393615,-2.15135668192773,5.33490600452435,7.89744509665756
SCLC,44.8478532491981,14.8120888262464,-0.621676289827475,27.6298518500964,4.77339224564017,-25.4262659480671,-46.4282909464964,16.4167079441367
LUAD,-5.79876632900781,11.5049329638981,17.7044165810906,-6.74558730630924,-9.95842304815764,5.35164849391657,-1.63910006347586,14.8150831899681
SCLC,9.68890586787606,16.5567471035717,-4.86219116325763,-3.78617840897344,2.60582982031884,-5.16060569042513,1.18485520402579,-5.21270958772934
LUAD,-15.2658778948621,-2.08370081632493,-8.26749087465233,-0.491873271920261,-2.07984569025837,1.92877209979345,-2.95608523463121,-1.87294595736259
LUAD,-16.1495903485769,-7.15278802698553,-4.46891619935278,8.20389766793892,-0.541008817187282,-1.42109481660294,-3.21580411278391,-3.10510438190164
LUAD,-10.3654802291279,13.1241204484397,12.3109466244895,-0.301622581500785,-2.7566089953649,-21.2372183177923,2.30581841150223,0.887617570756028
LUAD,-22.0245150789552,-0.890763117057887,-0.608140117373438,-5.93898331660036,0.308254860813213,3.70139552298914,-4.03135715026724,4.17154357891801
SCLC,-6.26013180601494,23.1441738900008,-11.2123762292879,-2.83889666496694,-10.4921803380302,2.71226203752049,-6.57840272069503,7.3810230790014
SCLC,27.4060522463431,31.9965885457502,-23.9323942229904,8.80120928777144,19.4679319964978,3.65501453618616,10.2413705063151,16.7105564665617
SCLC,35.7779267610895,13.8379239985282,-6.07309236010891,-9.87408987157513,2.14282041500393,-1.54603241389961,-2.01124200380535,9.20581700332551
SCLC,23.4047208313575,35.30132926447,-48.853427581522,2.79540035779536,17.9500583850851,-14.4037665670101,-26.2239364418435,5.48304721316322
SCLC,-11.455949086374,-2.72013833060828,-10.2954246198898,-1.21018476611731,-1.82919860644987,0.462839051138817,-0.27577629695597,-2.02398625162686
SCLC,-14.7029166352105,-4.71980403450422,-10.1140615273691,-4.40242646235897,0.165683707871298,-2.03108520832319,-2.45162085724636,-3.9415503237518
SCLC,37.5883399019579,15.7685189941987,-15.1662028415614,1.48270141252809,-7.63440863642729,-4.91182176118398,1.06799393325189,0.295727169871432
SCLC,20.4136150127631,16.486199655722,-30.1487712172124,-0.0312010528716486,5.57959316710127,21.6504870313423,3.75266044134513,-0.0355958272347823
SCLC,18.1730088871494,5.82427684668138,-15.54497326356,-2.94806059442858,-9.6516108392924,-7.78349022258655,3.24351806975508,-4.28310884415807
SCLC,20.3381814570426,3.6063942831692,-10.4026447288951,-8.44803145252396,-2.90329210835171,11.8151407493568,0.0666776123091349,-1.04932947993523
SCLC,12.1461379451518,13.8803213067712,-19.3756791585216,9.04997014141668,9.10972771249728,-6.23722968957089,4.75195000280304,-6.88462215251521
SCLC,-1.5669009411939,31.7900303999523,-20.6099708017478,5.95763302682635,4.98022733468758,-12.0992424884202,2.73726401560221,2.28135353066694
SCLC,-4.43820771422941,-1.75648059352942,-41.0111299890496,12.9792035499887,5.11778016968275,-29.996825917783,10.0342795760585,2.1063441697974
SCLC,9.18097474611291,-2.62185148090318,-14.3468175368264,-14.0575820731233,8.87448286021464,-3.36399282886438,-2.39815307729285,-7.42424805175063
LUSC,-2.53965166864078,-11.4149638618871,-2.71654584900352,-0.648893883365348,-7.80273257832039,0.340020082266099,0.810105149427188,1.48332097300352
LUSC,14.574673168429,-10.743797845666,13.6962072794574,-0.543993355877921,-6.11645481480646,1.89844023597639,-5.0280152731055,0.0524519642555528
LUSC,32.3029997951318,2.88668097594346,-7.86590352098155,-2.18407416438025,17.3154248163267,3.37462891731385,6.11169090120598,1.56918774097716
LUAD,-14.1415743355981,-6.09267999019749,-3.73205860378273,-5.77395328883947,-3.41482089175495,-7.02470750537416,-1.05199380937746,-2.62571660936001
LUSC,-3.85607766376589,-7.40864327955559,-3.74753305692783,-7.9295063955423,4.96690195579414,-2.0333661322346,0.17642581630363,-1.33850827357108
LUAD,-8.0724679721909,-4.55839201277161,3.03061928125697,-7.10295096687385,-3.15401053317502,4.50124064786332,0.212449864652044,-0.157551032599591
LUAD,-18.3595919659913,-3.20006239401417,-7.08082597295485,-2.27574614275692,2.87217434674537,1.46544707353166,-0.54032576625984,0.847581941798436
LUAD,-16.5826851878015,-5.07185804957307,-4.01029482600447,-1.48419070498415,2.84953724657392,-0.968071250418548,-0.760961988062103,0.557495301165539
LUSC,-12.6893912704205,-3.09736635441561,-4.11514993084092,-5.48433941184312,3.9322844522707,-12.6636623665535,-2.27744559418785,-2.21001742044781
LUAD,-15.0818568776008,2.0962181110139,-5.31072330153208,11.0560284166883,3.20703431182611,-4.88683391576234,-3.48952002506876,-4.05287692427132
LUAD,-9.41387465810234,2.2182740481044,-8.21198764595454,-3.16406140723276,-3.65255418533334,8.1088259058737,3.00642708172494,4.37914992851784
LUSC,-4.11209994842825,3.53099932851531,7.07503948719887,-15.2711000084294,-1.12244370494975,-8.0809763672362,8.82352491813878,-1.60396480849094
LUSC,13.5128133653805,-1.67997447662215,6.92471029321094,-9.94555210326916,4.61264578094286,-2.41620761436017,-5.94043778112414,-7.02250780772427
LUSC,-2.97743685550323,3.03634670342327,-5.35302813486351,-6.44922333221154,4.87613380397471,-1.24416924077739,9.80810236144232,3.65937263539475
LUSC,17.4816893462948,-15.6372382153662,2.29209412387957,9.24812633249035,1.88925479420785,12.2473856353153,7.72945028121035,5.23443636690584
LUAD,-4.1209571220126,12.1717814975459,9.50835302393873,-0.863986616159178,0.899795622102159,1.08602461631102,3.36552700371089,-6.20141465762866
LUSC,-1.34130505904086,1.42945383322913,-7.44488863648379,-9.34293693015806,3.93599776423312,0.855788428101837,1.83965693966597,-2.07529103129691
LUSC,-7.81033192730199,-6.58928137805445,-7.73421403535495,-6.49608249900924,1.6447723758787,-2.87082182495611,3.04594032756219,-3.77046934557192
LUSC,7.64796922499987,-1.24714501689906,4.67071291070069,6.80486174898826,4.15892642307616,5.43589905850179,4.44248608139638,9.5367495846461
LUAD,-3.77896068898075,13.0125020021605,6.4953199990536,6.12387710769484,19.3434378324865,1.56950486348969,-13.6146785553421,-8.67450552585284
LUSC,15.3631335675979,-1.0167219482121,0.534954804756219,-4.21699692604206,-1.89506385653291,-3.58151732816953,1.65683770291006,-4.22703945968519
LUAD,-15.7071136269773,-4.96260697240981,-4.09824884874391,-1.40000108183258,-0.368131119894381,4.16360265887187,1.07414583842609,3.29318208622074
LUSC,26.0253168806436,-25.9947890090361,5.36228816712083,8.72275408392311,-14.3596508753155,6.69277061763022,-7.66074967576059,-0.88864939157604
LUSC,-5.39473012964756,-8.70248589998034,2.6431509002362,-6.3352953064482,0.672239671310756,-5.52401696874308,-4.0650636318081,-0.0907776783859081
LUSC,6.4294660560916,4.51476098093613,-4.50558807132927,-10.5087707210514,2.09084046783446,5.40090335541797,15.1702709418668,-1.37114226672689
LUAD,-4.00624713651638,12.7041073389785,14.1432379500383,1.82679647073647,5.97603426911188,-5.9718777515596,2.21721538900912,-2.96782754255204
LUSC,12.0356985987371,-3.34836411417518,-0.0355814286215002,-13.4682400353358,-1.43268121971832,2.32525477074075,4.67641577842474,1.85559096191108
LUAD,-10.3880375205993,-1.80236745437105,-8.61759558490589,1.32199341073078,1.68537373377226,-0.470945554646345,1.77038483202342,-7.14485803639707
LUAD,-11.6365705753461,9.47826469725397,-3.05255388446902,1.92842427019539,-4.27933034572627,10.1745227154328,1.5156229492476,-1.74285843117909
LUAD,19.6704570208996,-1.616710173541,5.1208734978931,-0.251077651542203,2.25041708933507,3.51054664484431,-4.39937461838404,0.334547939011278
LUAD,-14.3547756531395,-6.40750451293793,-6.10600079007258,1.41766914648651,-4.68492572516767,1.96282917166995,-1.16782363273346,-6.19783498914512
LUSC,6.34612204628396,-8.17895425150819,1.71214752579113,-3.45773851807045,2.21794666910952,3.92856372012284,15.4519187969259,1.64316234305866
LUSC,25.8955836881384,-7.3466311122526,-2.55497890956189,12.5330487933329,-12.9371994196089,5.90052282597609,-10.826339151803,-8.81190394053708
LUSC,17.1105291821394,-11.9967032834504,-1.1229520688423,9.9101755145232,5.2626616819294,-7.09610352557767,6.45683518316235,8.03638968969155
LUSC,0.943380904264137,-12.2239258236559,1.63495604230979,8.99522649384755,-4.47230830200009,-2.31586756226168,2.81718960219431,2.21761202203708
LUAD,-14.1378698494956,10.4683947460012,3.63260108016283,5.90381966560292,-7.65741145176025,6.12937064894235,-9.89882372593153,-1.43419069255236
LUAD,-6.21610139803252,-0.46927205554595,16.1750812203779,4.31562937048067,-16.8727273305122,2.30752385369219,-1.92226752888883,-4.32519258585119
LUSC,7.88201325995481,-5.16584907343099,6.68157467852631,5.79686986749155,-0.376137685686885,-3.20017408426915,-2.22389771164318,-7.92693295502341
LUSC,24.8241682887615,-19.8886149727216,4.59881346403001,9.28310913541226,-5.19502770268941,-4.99014546741158,24.6371545615263,-3.65784257296778
LUAD,-4.60345686175319,3.60621987295931,0.00834493648305501,1.31219109633567,-0.593443197485441,-0.572383357165969,3.55844224727842,-8.65791206600593
LUSC,5.88833756113329,2.82344857883988,12.2543947184055,14.1498190421508,13.0905366375159,2.59533935728434,18.2479950275335,5.61569769093216
LUSC,25.2877316668233,-3.40709743984619,1.35675328533465,5.28872195079363,4.61059921455811,4.73276345331246,10.6490314188667,1.82827453216245
LUAD,-1.86367583539422,1.5916509553353,0.870772931925057,-3.6065740683479,1.89517694799459,10.7317036637256,8.8777704355835,2.52497539389288
SCLC,-6.30166353058536,-6.66067121551527,-3.25797544976878,-1.75025708644407,1.07517754055163,-1.14098918495301,1.553523091763,2.26611158735152
LUAD,-10.3948679342974,3.05588106110747,6.24101154248296,-4.21311451963719,-0.979706277887908,-2.66117818036312,3.0265359167804,0.554350238654152
LUAD,-9.35047155132523,-0.376325297350363,-9.98008459023194,0.975950412965119,11.0967929199148,-0.295027356392529,0.803549680304496,-3.94483296252918
LUAD,-8.65154938969955,4.53119374787655,1.7376675901807,9.22310598425231,0.342160808111545,7.49848474729557,-14.4604154540468,-4.02984311698421
LUAD,-15.8276255544806,-5.19958329300695,6.1713949085875,0.455429321351534,10.9217228408819,3.7541177489393,-6.71546203072375,6.57393331675689
LUAD,-3.34113479912565,-11.2566238038897,-7.89915441428238,-7.50713349659247,-3.16766401684956,0.677872912225552,-3.80532310324476,5.58787273935014
LUAD,4.8847853533999,10.5326278414803,13.4985568405644,5.35914909070561,4.7310386958887,-9.16221640926836,2.83748585066345,-3.95073037383045
LUAD,-13.62255089853,8.74847364491965,12.4154134770863,-9.34495407659838,-5.52279998903539,2.06812230386385,3.7904722184297,-1.48927518595885
LUAD,-25.1688806072093,8.14839936537306,22.8802720351094,5.11626615324497,-19.5643656862698,-6.47028294982564,1.50263353249545,6.39644281905013
LUAD,-13.9355409906175,-0.576398037421687,-0.0431280453625948,-7.01569473964238,2.50441446301577,-3.99524274754008,-1.05027960173118,-0.482684826218368
LUAD,1.36089676062475,11.5431215476599,15.5566845477631,5.58534958488578,-0.538102775622465,5.20891689592405,-0.0644699946685892,17.9466534012824
LUSC,16.5667837203255,-10.4468028190452,7.74204200334183,4.56869216306171,9.89990595906695,-9.37876920244418,-11.8207296901289,12.2741677550208
LUAD,3.53986054162077,12.711975384051,5.63672116318804,16.8250802622256,6.04211113428403,-16.3292566754003,-2.39442447133193,-8.25391479312029
LUSC,8.43391539227445,-13.7813457381185,-0.912543399155979,-4.00284325509009,0.175222144180401,-9.10472071436321,3.70822448238779,4.18068833170645
LUAD,-8.08188745904357,-6.10946985135992,-7.08367094813878,-9.87251278050251,6.83572434538115,-6.93231211709647,-1.23486331042345,-0.0374457039741319
SCLC,16.7338055806591,18.3320695728005,-3.74014658897187,-19.2396054837416,-4.21821359958822,5.13932761167099,0.84274105745969,3.38517526584996
LUAD,-18.9511434830741,0.300738015357914,7.02381972288215,10.5139287203658,4.52799143195542,-7.02566760263712,-3.38968177060783,3.53384248713329
LUAD,-17.5961342275411,-7.4031021244389,-8.07352225451235,-6.32769688591688,2.35462494898958,-1.96018717455026,-2.12547957581493,-1.73886348074679
LUSC,-4.69690745564077,-0.0320970014645724,-0.306380852349797,-6.63064079612424,1.50547631307262,5.03238138575551,1.73340279215643,-3.54854420591993
LUSC,29.1186800176419,-3.59732726570776,7.55376018653892,-8.24347702496147,16.0708181396817,10.8057901506696,-11.3822960780133,-8.46502613710554
LUAD,-12.329413011965,2.08068898865791,3.71274140271371,7.16308242149656,-10.0219610886016,4.54757671926776,3.00096823910635,-1.05907278766418
LUSC,38.3929712263849,-24.1368648467407,-4.18628947140046,9.04133312882457,19.6026374677318,14.420212651205,7.22553212408938,7.99967390114241
LUSC,22.4959929801033,-2.29841273649543,13.8504566957261,-22.0045877573011,-0.854664297881797,7.34887477189656,11.9865903286699,-3.49095779659375
LUSC,11.4866962524628,-3.06881744187885,5.35557093143992,-6.78615676208531,1.43559650011023,-8.26183152876411,7.9255554618001,5.38840489576988
LUSC,25.7383042786354,2.36581252556619,6.93479380723656,-12.7796553566331,11.2533241042664,9.26398804396801,-10.9601315009475,11.9164465758764
LUAD,-10.9648563259212,14.3265176467792,23.6928732297756,-12.9331330409739,0.171681134075522,-7.21308781610279,1.34550631933233,-4.13021564041049
LUAD,-16.1537635584202,16.6914825203852,-17.431658100268,-17.8648320944738,-24.2483154769285,16.7409721322027,-2.81445617142759,18.1428953712164
LUAD,-11.4588678752922,3.42352368869016,5.19721841398663,-0.225901174025996,1.22071875102702,-2.85529107800805,0.820043169018422,2.09012415110992
LUSC,20.8111213893931,-12.8963813073897,1.13205491749232,13.6034668175708,-26.3853361228858,17.2358527519881,-19.9992535277861,-7.85732583848612
LUAD,-9.61776252227057,14.896071788683,11.6152874121739,1.35768633835222,4.75848111157486,-6.23139843253522,6.90387974734908,8.33417135455037
LUAD,-3.64949284276082,6.86366346918606,7.64828510736206,-2.05806276573843,1.74937328192637,2.34772456118765,4.31610296354012,0.557280039048547
LUAD,-17.2262459222088,4.81857403493053,-5.75006599024987,-9.46162325756348,-8.80811330486251,5.86571803622355,6.39755430522279,4.35068871159136
LUAD,-17.2212320342695,-0.288953918188738,5.19032370220464,7.68010277291815,2.49434222605274,-3.89708178253525,-3.04414223893877,5.3850524177984
LUSC,-4.50522829842243,-4.31302179056408,-6.55118610165062,-0.0990858534906074,-1.18094175126307,1.93626052580387,1.34121938198258,-3.64048515256305
LUSC,9.38299929714291,-0.597614446209993,14.1103268297015,1.43633799430244,8.71488880953814,-17.7342481450082,-2.76444753171568,-9.06931923747249
LUAD,-6.6729799690407,-5.52049885377227,-2.68346081265959,-1.5142601658125,-1.06226782422073,2.64592041518731,-4.48447662915152,1.24672556098877
LUAD,-5.57072899967649,-19.2006340463045,0.751466256901357,3.0059997277424,9.25238520642008,16.9381630701345,5.9021459758019,8.36612203866055
LUAD,-15.2566631269938,-2.60703238856759,-7.56280034059899,4.10043334694365,-0.0311026866996376,4.06401029910214,8.6332251607742,-1.35533913764308
LUAD,1.1893426071187,20.6415559913833,20.3114023105029,-2.9276304919549,3.78834227457392,-7.58800493834167,16.6056689141154,-6.19672449556764
LUAD,-10.1797962322983,-4.0918307713541,-0.82958861206903,-2.53474653850233,1.52066829568265,-1.80389550881158,2.74201560527822,-0.232691678543796
LUAD,-24.2256330013214,3.00747293515217,-11.7269028862182,-6.09720604523671,-5.97207989742316,6.17141643609051,8.60198794251434,3.40223605871435
LUAD,9.06207564795123,1.63107059392964,10.8524669756274,-0.107889724962212,-0.570001613019647,22.5022911416805,19.8997549451341,6.15871891150833
LUAD,-21.9861647650574,-1.89127362818895,-4.01036566835963,-2.97691918744186,10.0056079704976,4.04541924741743,-10.1279370230358,0.332307336022074
LUSC,-5.90753949970212,-7.78487306988405,-8.06501435019688,3.09344403215865,-6.67012332511212,0.619319340365316,-1.85968532327017,-6.24671554658242
LUAD,-17.4452344396,0.992581615447742,2.32893916207176,-3.52198709465159,8.13612407184187,-1.39505535219665,-5.27689339976164,-0.284626108840458
LUAD,-12.7735087239716,-1.24222846889793,5.73997766100962,-8.95547096428358,3.03042073985654,-7.22395093297739,3.02544393186516,-6.78886221605531
LUSC,6.15633368502416,-2.97591067787185,-2.87698360249934,2.06784376987726,4.31274130647454,8.22098859309595,-3.57582699859486,-10.0557495303264
LUSC,6.05506953275824,-0.00814557961432572,4.84118233177865,-20.137151840624,4.203238203872,6.39063069799489,0.251435424496742,-5.28527202176569
LUSC,-7.69599908372152,-3.92300250179066,-4.56884671604455,-8.35584020394706,3.65461746238655,-4.22984155045489,2.93273190114499,-2.64416727166444
LUAD,-13.7716842744724,12.3491911131805,10.7396443474761,8.33276291386503,-9.57737216315872,-4.46934315546066,0.623909046691203,1.75904496484807
LUAD,-20.2784238225576,0.768865522237745,8.45726265532557,4.30108748897737,-13.5881909041394,3.33751510192843,6.26496591619356,0.597700544557892
SCLC,4.3737332661844,12.6889291334985,-22.0222276115883,14.2825098350792,-9.02618953166836,-0.24253929528859,13.0817304533479,19.5825151139919
LUAD,-13.190338298877,-0.833197453931736,7.97862177020814,-9.29502265937821,4.6034254909006,-6.94428264721065,-0.456861273830813,2.92670882081366
LUAD,-13.6072073733916,-2.85085298021029,-4.73823789384424,-5.09364403666865,-0.538486704848161,2.33208090718914,-3.82901520106592,0.814777521965766
LUSC,0.0756797485698782,-0.934377105535055,-6.83813331511151,-7.75093047142398,-0.00686346721430509,-4.22494164658374,2.76871742118039,-1.81701966607348
LUSC,14.5464847517126,-21.2056273717347,-1.56500463412722,9.52409770926193,-6.74806119010408,4.88065467990316,1.61969816382411,4.9749771756913
LUSC,-10.2010062343123,-9.88519903972681,0.472437673910513,-5.57671852622936,-1.92105787482832,-2.0169255553721,-1.74105340618055,-1.67498534872724
LUSC,-16.3310298924073,-6.81770607966406,-8.425272933978,-5.27577255043801,1.93099114825041,-1.42855929786583,-2.22755848912166,-2.58880526918376
