chr,start,end,arm,gc,map,filtered.bases
chr1,1000001,2000000,1p,0.568915,0.930585982847159,97
chr1,2000001,3000000,1p,0.553133,0.950318240597064,0
chr1,3000001,4000000,1p,0.484134,0.986264262991545,523
chr1,4000001,5000000,1p,0.482201,0.981170319330652,291
chr1,5000001,6000000,1p,0.469288,0.982391711952174,0
chr1,6000001,7000000,1p,0.51752,0.983162197326821,0
chr1,7000001,8000000,1p,0.479461,0.981314199830306,0
chr1,8000001,9000000,1p,0.444356,0.980500274386157,0
chr1,9000001,10000000,1p,0.50197,0.98450272488635,0
chr1,10000001,11000000,1p,0.478274,0.98472347411959,0
chr1,11000001,12000000,1p,0.500043,0.979524330673915,0
chr1,12000001,13000000,1p,0.469178,0.91214351874997,0
chr1,13000001,14000000,1p,0.370922,0.554746086659394,0
chr1,14000001,15000000,1p,0.431262,0.981350391002065,0
chr1,15000001,16000000,1p,0.48383,0.987125495165005,0
chr1,16000001,17000000,1p,0.496197,0.912534925736579,27
chr1,17000001,18000000,1p,0.481437,0.919884517247044,346
chr1,18000001,19000000,1p,0.491613,0.993409126822177,0
chr1,19000001,20000000,1p,0.487321,0.990689345239607,0
chr1,20000001,21000000,1p,0.473806,0.989010178537321,0
chr1,21000001,22000000,1p,0.460534,0.962665731679104,0
chr1,22000001,23000000,1p,0.491468,0.981053188953181,68
chr1,23000001,24000000,1p,0.472911,0.985412401866152,0
chr1,24000001,25000000,1p,0.464707,0.976766425732379,0
chr1,25000001,26000000,1p,0.474254,0.932322831968406,113
chr1,26000001,27000000,1p,0.487044,0.983113139543681,0
chr1,27000001,28000000,1p,0.495588,0.977224501972811,0
chr1,28000001,29000000,1p,0.452362,0.975076405358352,71
chr1,29000001,30000000,1p,0.410058,0.98101849097541,0
chr1,30000001,31000000,1p,0.464344,0.976424123268654,79
chr1,31000001,32000000,1p,0.469672,0.983984320658179,149
chr1,32000001,33000000,1p,0.482056,0.982867381859419,80
chr1,33000001,34000000,1p,0.467666,0.977086899054445,0
chr1,34000001,35000000,1p,0.446014,0.972016181856087,0
chr1,35000001,36000000,1p,0.433097,0.970626845148277,0
chr1,36000001,37000000,1p,0.460455,0.985845698115582,0
chr1,37000001,38000000,1p,0.480215,0.983340113409117,63
chr1,38000001,39000000,1p,0.466472,0.983584416600907,0
chr1,39000001,40000000,1p,0.444043,0.971138392337003,48
chr1,40000001,41000000,1p,0.4495,0.967341278411124,0
chr1,41000001,42000000,1p,0.46445,0.978220191033928,0
chr1,42000001,43000000,1p,0.434464,0.975499360938839,173
chr1,43000001,44000000,1p,0.454821,0.9764577975511,581
chr1,44000001,45000000,1p,0.469327,0.991626548130547,0
chr1,45000001,46000000,1p,0.451592,0.962477608391119,0
chr1,46000001,47000000,1p,0.451369,0.969747899702131,98
chr1,47000001,48000000,1p,0.438481,0.916582501982437,0
chr1,48000001,49000000,1p,0.442325,0.958274170081771,0
chr1,49000001,50000000,1p,0.399961,0.967900172184885,0
chr1,50000001,51000000,1p,0.39493,0.959151090993836,0
chr1,51000001,52000000,1p,0.39765,0.971742239458133,0
chr1,52000001,53000000,1p,0.413492,0.978300272811644,0
chr1,53000001,54000000,1p,0.461702,0.980777440807263,0
chr1,54000001,55000000,1p,0.47356,0.985654321353975,0
chr1,55000001,56000000,1p,0.451045,0.974857369620039,0
chr1,56000001,57000000,1p,0.403637,0.97762794675063,0
chr1,57000001,58000000,1p,0.404398,0.989191617005695,0
chr1,58000001,59000000,1p,0.409237,0.96256992002814,63
chr1,59000001,60000000,1p,0.414909,0.971851906311099,0
chr1,60000001,61000000,1p,0.384905,0.950944351522229,0
chr1,61000001,62000000,1p,0.397585,0.982043440794844,0
chr1,62000001,63000000,1p,0.416299,0.979181877994339,0
chr1,63000001,64000000,1p,0.389097,0.972964730397734,0
chr1,64000001,65000000,1p,0.410554,0.976706065521252,0
chr1,65000001,66000000,1p,0.407677,0.980089608225595,24
chr1,66000001,67000000,1p,0.377587,0.949151180093631,0
chr1,67000001,68000000,1p,0.389603,0.971721030045187,0
chr1,68000001,69000000,1p,0.404482,0.982568422941562,711
chr1,69000001,70000000,1p,0.371276,0.953378082933888,0
chr1,70000001,71000000,1p,0.365388,0.970435356572019,0
chr1,71000001,72000000,1p,0.372573,0.96176304391845,0
chr1,72000001,73000000,1p,0.349062,0.983619921130236,0
chr1,73000001,74000000,1p,0.349743,0.970505477236424,0
chr1,74000001,75000000,1p,0.356822,0.974996226409767,0
chr1,75000001,76000000,1p,0.372938,0.95452643006439,0
chr1,76000001,77000000,1p,0.385082,0.96455070374589,134
chr1,77000001,78000000,1p,0.384947,0.970003105777744,0
chr1,78000001,79000000,1p,0.386428,0.969091615233778,0
chr1,79000001,80000000,1p,0.358592,0.970066608611549,0
chr1,80000001,81000000,1p,0.353428,0.961117655413283,0
chr1,81000001,82000000,1p,0.360031,0.974528285277859,0
chr1,82000001,83000000,1p,0.368016,0.979007610281447,215
chr1,83000001,84000000,1p,0.364036,0.846655440862285,0
chr1,84000001,85000000,1p,0.377918,0.976286653973213,0
chr1,85000001,86000000,1p,0.399552,0.98641483044366,0
chr1,86000001,87000000,1p,0.377571,0.946084006188927,0
chr1,87000001,88000000,1p,0.394708,0.965596535557075,0
chr1,88000001,89000000,1p,0.377171,0.986415990296942,0
chr1,89000001,90000000,1p,0.386802,0.958884857678878,0
chr1,90000001,91000000,1p,0.392425,0.965012705752605,0
chr1,91000001,92000000,1p,0.392492,0.954921180265488,362
chr1,92000001,93000000,1p,0.40808,0.974132547895062,75
chr1,93000001,94000000,1p,0.388838,0.95878721865411,0
chr1,94000001,95000000,1p,0.418095,0.965175985366875,0
chr1,95000001,96000000,1p,0.408688,0.97840084328649,0
chr1,96000001,97000000,1p,0.371977,0.970589704748715,0
chr1,97000001,98000000,1p,0.366373,0.963696969594167,0
chr1,98000001,99000000,1p,0.352919,0.983820031680911,0
chr1,99000001,100000000,1p,0.369112,0.962608518871497,0
chr1,100000001,101000000,1p,0.384278,0.983062431126517,153
chr1,101000001,102000000,1p,0.382957,0.972917925259086,0
chr1,102000001,103000000,1p,0.350853,0.968038787847073,0
chr1,103000001,104000000,1p,0.330294,0.882396953036223,245
chr1,104000001,105000000,1p,0.351573,0.875470176328544,13853
chr1,105000001,106000000,1p,0.345639,0.958820876285456,0
chr1,106000001,107000000,1p,0.347466,0.966720130496872,0
chr1,107000001,108000000,1p,0.36527,0.988257122223322,0
chr1,108000001,109000000,1p,0.389752,0.876713861782838,658
chr1,109000001,110000000,1p,0.426751,0.96026722673962,113
chr1,110000001,111000000,1p,0.470404,0.974530112534857,224
chr1,111000001,112000000,1p,0.412394,0.972339629343063,0
chr1,112000001,113000000,1p,0.433342,0.966752734235771,0
chr1,113000001,114000000,1p,0.427321,0.967004397233934,0
chr1,114000001,115000000,1p,0.408191,0.964249254081961,0
chr1,115000001,116000000,1p,0.399831,0.973117920336401,0
chr1,116000001,117000000,1p,0.417606,0.977559788308973,0
chr1,117000001,118000000,1p,0.426198,0.950380940309986,0
chr1,118000001,119000000,1p,0.391719,0.973525316273694,0
chr1,119000001,120000000,1p,0.394212,0.943310914949433,0
chr1,120000001,121000000,1p,0.371,0.762517891536112,242
chr1,125000001,126000000,1q,0,0,0
chr1,126000001,127000000,1q,0,0,0
chr1,127000001,128000000,1q,0,0,0
chr1,128000001,129000000,1q,0,0,0
chr1,129000001,130000000,1q,0,0,0
chr1,130000001,131000000,1q,0,0,0
chr1,131000001,132000000,1q,0,0,0
chr1,132000001,133000000,1q,0,0,0
chr1,133000001,134000000,1q,0,0,0
chr1,134000001,135000000,1q,0,0,0
chr1,135000001,136000000,1q,0,0,0
chr1,136000001,137000000,1q,0,0,0
chr1,137000001,138000000,1q,0,0,0
chr1,138000001,139000000,1q,0,0,0
chr1,139000001,140000000,1q,0,0,0
chr1,140000001,141000000,1q,0,0,0
chr1,141000001,142000000,1q,0,0,0
chr1,142000001,143000000,1q,0.15113,0.408523127247138,8592
chr1,143000001,144000000,1q,0.261117,0.385813671830479,3844
chr1,144000001,145000000,1q,0.290052,0.451237634202489,0
chr1,145000001,146000000,1q,0.403752,0.697715337280603,262
chr1,146000001,147000000,1q,0.371804,0.648148276379759,0
chr1,147000001,148000000,1q,0.422509,0.675817962801604,57
chr1,148000001,149000000,1q,0.246517,0.280512090969024,563
chr1,149000001,150000000,1q,0.403997,0.618298579419173,2642
chr1,150000001,151000000,1q,0.438066,0.975097258178726,91
chr1,151000001,152000000,1q,0.456599,0.981954990731437,0
chr1,152000001,153000000,1q,0.414099,0.936571294793713,0
chr1,153000001,154000000,1q,0.455255,0.968546096179802,0
chr1,154000001,155000000,1q,0.470134,0.977459499445387,0
chr1,155000001,156000000,1q,0.469545,0.95449814710879,0
chr1,156000001,157000000,1q,0.504268,0.983829584368305,0
chr1,157000001,158000000,1q,0.423084,0.969080246879926,75
chr1,158000001,159000000,1q,0.389084,0.945675843651874,0
chr1,159000001,160000000,1q,0.41069,0.948514153022885,0
chr1,160000001,161000000,1q,0.441275,0.967825119958262,0
chr1,161000001,162000000,1q,0.445826,0.897724089917936,0
chr1,162000001,163000000,1q,0.410917,0.964102391323131,0
chr1,163000001,164000000,1q,0.376093,0.96851917041197,0
chr1,164000001,165000000,1q,0.394336,0.970911748661729,0
chr1,165000001,166000000,1q,0.421932,0.975889217315226,0
chr1,166000001,167000000,1q,0.401974,0.951151013172483,63
chr1,167000001,168000000,1q,0.418088,0.990780556443141,0
chr1,168000001,169000000,1q,0.405309,0.968965049353866,143
chr1,169000001,170000000,1q,0.380362,0.971056929088408,229
chr1,170000001,171000000,1q,0.378515,0.961902476484715,0
chr1,171000001,172000000,1q,0.397487,0.969879377165608,0
chr1,172000001,173000000,1q,0.381497,0.957804719381722,0
chr1,173000001,174000000,1q,0.395673,0.960587137413101,161
chr1,174000001,175000000,1q,0.383066,0.937364891707048,0
chr1,175000001,176000000,1q,0.428835,0.97624803276241,0
chr1,176000001,177000000,1q,0.39241,0.971033138219141,0
chr1,177000001,178000000,1q,0.407004,0.96110546789703,0
chr1,178000001,179000000,1q,0.39864,0.969720496680008,0
chr1,179000001,180000000,1q,0.408026,0.971710931142923,0
chr1,180000001,181000000,1q,0.411509,0.968519302692984,0
chr1,181000001,182000000,1q,0.433382,0.977773756929046,0
chr1,182000001,183000000,1q,0.419301,0.984805427758245,50
chr1,183000001,184000000,1q,0.411391,0.978873027013263,0
chr1,184000001,185000000,1q,0.398936,0.969022759099309,0
chr1,185000001,186000000,1q,0.377092,0.959589039952266,0
chr1,186000001,187000000,1q,0.367066,0.972023194332321,0
chr1,187000001,188000000,1q,0.357133,0.961565669602391,0
chr1,188000001,189000000,1q,0.342571,0.977848375057822,0
chr1,189000001,190000000,1q,0.33983,0.968806217037049,0
chr1,190000001,191000000,1q,0.336441,0.985575480745579,0
chr1,191000001,192000000,1q,0.343076,0.979368982197617,0
chr1,192000001,193000000,1q,0.362486,0.971234737467037,0
chr1,193000001,194000000,1q,0.364908,0.973810813943672,0
chr1,194000001,195000000,1q,0.344261,0.977185848068785,0
chr1,195000001,196000000,1q,0.34207,0.977635800148985,0
chr1,196000001,197000000,1q,0.349261,0.931145268638591,0
chr1,197000001,198000000,1q,0.36289,0.971032945747861,0
chr1,198000001,199000000,1q,0.358997,0.977948242743385,0
chr1,199000001,200000000,1q,0.372443,0.976957455985922,0
chr1,200000001,201000000,1q,0.421856,0.984769429609511,134
chr1,201000001,202000000,1q,0.487769,0.98524104366796,2538
chr1,202000001,203000000,1q,0.455461,0.939204498165242,0
chr1,203000001,204000000,1q,0.464077,0.980342184957754,0
chr1,204000001,205000000,1q,0.477656,0.992573059329756,0
chr1,205000001,206000000,1q,0.434364,0.981267099000555,0
chr1,206000001,207000000,1q,0.348339,0.829330070334405,0
chr1,207000001,208000000,1q,0.406088,0.940476864298896,0
chr1,208000001,209000000,1q,0.43182,0.989010049463645,0
chr1,209000001,210000000,1q,0.420552,0.984074236786038,73
chr1,210000001,211000000,1q,0.411359,0.975074524181123,173
chr1,211000001,212000000,1q,0.418297,0.958437907607405,247
chr1,212000001,213000000,1q,0.426893,0.974604872571848,0
chr1,213000001,214000000,1q,0.412866,0.964911436343803,0
chr1,214000001,215000000,1q,0.406566,0.989963438971026,0
chr1,215000001,216000000,1q,0.372266,0.976976303471968,0
chr1,216000001,217000000,1q,0.363051,0.979745145584989,0
chr1,217000001,218000000,1q,0.377555,0.983551839282851,0
chr1,218000001,219000000,1q,0.385535,0.979277816544379,0
chr1,219000001,220000000,1q,0.377551,0.972274740557966,0
chr1,220000001,221000000,1q,0.400435,0.96745421153113,36
chr1,221000001,222000000,1q,0.389738,0.985123183466775,0
chr1,222000001,223000000,1q,0.406775,0.935687471929567,111
chr1,223000001,224000000,1q,0.416849,0.942595036258581,102
chr1,224000001,225000000,1q,0.42743,0.88216662358225,4861
chr1,225000001,226000000,1q,0.401168,0.959766431258471,0
chr1,226000001,227000000,1q,0.467329,0.983023169236795,0
chr1,227000001,228000000,1q,0.4231,0.969355768868971,81
chr1,228000001,229000000,1q,0.500766,0.929672841049875,0
chr1,229000001,230000000,1q,0.440307,0.981994993910926,0
chr1,230000001,231000000,1q,0.445584,0.984817665106279,0
chr1,231000001,232000000,1q,0.423873,0.980765349581606,193
chr1,232000001,233000000,1q,0.416348,0.9750334682408,0
chr1,233000001,234000000,1q,0.406617,0.985049661475731,23
chr1,234000001,235000000,1q,0.429106,0.96878937040085,0
chr1,235000001,236000000,1q,0.406264,0.980909061269436,0
chr1,236000001,237000000,1q,0.429946,0.982749559406035,0
chr1,237000001,238000000,1q,0.393258,0.971935294993052,456
chr1,238000001,239000000,1q,0.376128,0.983616640154097,5786
chr1,239000001,240000000,1q,0.374148,0.978695210649495,0
chr1,240000001,241000000,1q,0.401745,0.988972635323502,0
chr1,241000001,242000000,1q,0.390642,0.984467819290075,0
chr1,242000001,243000000,1q,0.409312,0.930527579124353,131
chr1,243000001,244000000,1q,0.392308,0.830664914782986,0
chr1,244000001,245000000,1q,0.423725,0.980019731535813,0
chr1,245000001,246000000,1q,0.438585,0.979380231392697,0
chr1,246000001,247000000,1q,0.416345,0.962456742663673,0
chr1,247000001,248000000,1q,0.4128,0.953530737411111,880
chr1,248000001,249000000,1q,0.347289,0.853388136171439,0
chr2,1000001,2000000,2p,0.467577,0.952385261093736,0
chr2,2000001,3000000,2p,0.443486,0.979878977520742,0
chr2,3000001,4000000,2p,0.443628,0.964804873759953,0
chr2,4000001,5000000,2p,0.386735,0.970831362172933,0
chr2,5000001,6000000,2p,0.360785,0.970267686864157,47
chr2,6000001,7000000,2p,0.400366,0.991466601339402,0
chr2,7000001,8000000,2p,0.411368,0.98943891695181,0
chr2,8000001,9000000,2p,0.438733,0.983849130169168,0
chr2,9000001,10000000,2p,0.447306,0.981353786982322,0
chr2,10000001,11000000,2p,0.480557,0.982725251990795,0
chr2,11000001,12000000,2p,0.452094,0.97682586089285,0
chr2,12000001,13000000,2p,0.410123,0.975721862567951,0
chr2,13000001,14000000,2p,0.359448,0.96465580187439,0
chr2,14000001,15000000,2p,0.373617,0.959856170653507,0
chr2,15000001,16000000,2p,0.414704,0.983185744632364,0
chr2,16000001,17000000,2p,0.410951,0.976735289734614,51
chr2,17000001,18000000,2p,0.382073,0.983214879811163,0
chr2,18000001,19000000,2p,0.394245,0.968630293582329,0
chr2,19000001,20000000,2p,0.405723,0.955034527190131,0
chr2,20000001,21000000,2p,0.448733,0.98399395283613,0
chr2,21000001,22000000,2p,0.387354,0.969918351294389,123
chr2,22000001,23000000,2p,0.369474,0.979013476019291,0
chr2,23000001,24000000,2p,0.445097,0.974425402841273,0
chr2,24000001,25000000,2p,0.405026,0.977347604535637,271
chr2,25000001,26000000,2p,0.460776,0.979549301570545,0
chr2,26000001,27000000,2p,0.460035,0.98694622162929,0
chr2,27000001,28000000,2p,0.467412,0.980624894730979,0
chr2,28000001,29000000,2p,0.429794,0.987730676080777,0
chr2,29000001,30000000,2p,0.432669,0.985910774782829,0
chr2,30000001,31000000,2p,0.428463,0.984728176966704,0
chr2,31000001,32000000,2p,0.427299,0.962067269069126,0
chr2,32000001,33000000,2p,0.396672,0.973475478912395,336
chr2,33000001,34000000,2p,0.404616,0.974099860127125,152
chr2,34000001,35000000,2p,0.379558,0.967687569491672,0
chr2,35000001,36000000,2p,0.353929,0.962340721061302,0
chr2,36000001,37000000,2p,0.389456,0.96354460465376,47
chr2,37000001,38000000,2p,0.397984,0.977560188464125,58
chr2,38000001,39000000,2p,0.421939,0.971333033776579,0
chr2,39000001,40000000,2p,0.39818,0.984696772896109,0
chr2,40000001,41000000,2p,0.37512,0.970601536534421,0
chr2,41000001,42000000,2p,0.363877,0.972133081039925,0
chr2,42000001,43000000,2p,0.429822,0.985197604737703,0
chr2,43000001,44000000,2p,0.44489,0.973125134622317,0
chr2,44000001,45000000,2p,0.397079,0.982096609001363,0
chr2,45000001,46000000,2p,0.429815,0.980254764841419,0
chr2,46000001,47000000,2p,0.432928,0.987982391266476,0
chr2,47000001,48000000,2p,0.462385,0.983992311292748,0
chr2,48000001,49000000,2p,0.402824,0.972165111269721,0
chr2,49000001,50000000,2p,0.382662,0.966764989325826,0
chr2,50000001,51000000,2p,0.360538,0.992589708246863,707
chr2,51000001,52000000,2p,0.352268,0.974345355497404,0
chr2,52000001,53000000,2p,0.359407,0.974331569797228,0
chr2,53000001,54000000,2p,0.375505,0.972690272218682,0
chr2,54000001,55000000,2p,0.406297,0.988508452395207,83
chr2,55000001,56000000,2p,0.398519,0.976442963716207,0
chr2,56000001,57000000,2p,0.380177,0.948107052584803,0
chr2,57000001,58000000,2p,0.356026,0.952657133736345,0
chr2,58000001,59000000,2p,0.362232,0.970860138777297,0
chr2,59000001,60000000,2p,0.37724,0.974275569655714,229
chr2,60000001,61000000,2p,0.422174,0.967432975469771,0
chr2,61000001,62000000,2p,0.410325,0.984886198300455,67
chr2,62000001,63000000,2p,0.419516,0.967666933797013,0
chr2,63000001,64000000,2p,0.374977,0.965294819519107,714
chr2,64000001,65000000,2p,0.405922,0.981460873721226,0
chr2,65000001,66000000,2p,0.437997,0.984207538821957,58
chr2,66000001,67000000,2p,0.396887,0.944270773691585,0
chr2,67000001,68000000,2p,0.381571,0.967337956225496,49
chr2,68000001,69000000,2p,0.396641,0.971893590521687,0
chr2,69000001,70000000,2p,0.416833,0.988945961190085,0
chr2,70000001,71000000,2p,0.437674,0.979967107080905,182
chr2,71000001,72000000,2p,0.45159,0.95904481067324,0
chr2,72000001,73000000,2p,0.407479,0.961052908946188,0
chr2,73000001,74000000,2p,0.441886,0.959328789967676,0
chr2,74000001,75000000,2p,0.454374,0.970443378334835,0
chr2,75000001,76000000,2p,0.407516,0.973484481389195,0
chr2,76000001,77000000,2p,0.365778,0.951258744830661,0
chr2,77000001,78000000,2p,0.349748,0.94329716688645,0
chr2,78000001,79000000,2p,0.349347,0.969210292680309,271
chr2,79000001,80000000,2p,0.381098,0.969871353800175,0
chr2,80000001,81000000,2p,0.389643,0.986354150683569,0
chr2,81000001,82000000,2p,0.358719,0.976106673478104,242
chr2,82000001,83000000,2p,0.350801,0.983617076814553,0
chr2,83000001,84000000,2p,0.354828,0.973033581918514,106
chr2,84000001,85000000,2p,0.384176,0.961001520897677,0
chr2,85000001,86000000,2p,0.46504,0.979397780841059,0
chr2,86000001,87000000,2p,0.430526,0.963260300552622,0
chr2,87000001,88000000,2p,0.417019,0.504856197606853,810
chr2,88000001,89000000,2p,0.415337,0.819406005086385,476
chr2,89000001,90000000,2p,0.323223,0.723236640588363,47975
chr2,90000001,91000000,2p,0.204895,0.503247924543903,24306
chr2,91000001,92000000,2p,0.174578,0.530422067638997,22038
chr2,96000001,97000000,2q,0.444098,0.753345627880834,0
chr2,97000001,98000000,2q,0.456669,0.819486876799782,0
chr2,98000001,99000000,2q,0.420247,0.850657245228339,147
chr2,99000001,100000000,2q,0.422435,0.969361542135285,327
chr2,100000001,101000000,2q,0.418923,0.969561791516247,0
chr2,101000001,102000000,2q,0.443587,0.98424027358783,0
chr2,102000001,103000000,2q,0.423453,0.983796389645957,0
chr2,103000001,104000000,2q,0.38477,0.975089886090742,0
chr2,104000001,105000000,2q,0.361137,0.98769921977737,0
chr2,105000001,106000000,2q,0.417687,0.980080382980408,82
chr2,106000001,107000000,2q,0.435461,0.967968451770997,62
chr2,107000001,108000000,2q,0.401406,0.906278729777085,0
chr2,108000001,109000000,2q,0.387158,0.915534003941449,0
chr2,109000001,110000000,2q,0.435788,0.916293784257827,521
chr2,110000001,111000000,2q,0.382562,0.716648483936953,0
chr2,111000001,112000000,2q,0.431204,0.746324781056613,0
chr2,112000001,113000000,2q,0.434692,0.750690566678605,45
chr2,113000001,114000000,2q,0.433289,0.905505443937477,0
chr2,114000001,115000000,2q,0.417397,0.793394824183893,2067
chr2,115000001,116000000,2q,0.376254,0.974995856995734,409
chr2,116000001,117000000,2q,0.360467,0.962048053212141,0
chr2,117000001,118000000,2q,0.364403,0.970261073224429,4675
chr2,118000001,119000000,2q,0.400636,0.933224746176715,0
chr2,119000001,120000000,2q,0.43596,0.972256189938637,0
chr2,120000001,121000000,2q,0.418624,0.977011318521943,0
chr2,121000001,122000000,2q,0.504072,0.993250803692718,360
chr2,122000001,123000000,2q,0.435097,0.971543404381438,0
chr2,123000001,124000000,2q,0.370707,0.980522139185493,0
chr2,124000001,125000000,2q,0.366515,0.967933185185995,0
chr2,125000001,126000000,2q,0.381498,0.971256140845979,200
chr2,126000001,127000000,2q,0.370258,0.96448229216764,0
chr2,127000001,128000000,2q,0.438916,0.986113039903399,133
chr2,128000001,129000000,2q,0.447043,0.985744619095746,722
chr2,129000001,130000000,2q,0.453113,0.969276047861496,0
chr2,130000001,131000000,2q,0.436601,0.870103806717454,1030
chr2,131000001,132000000,2q,0.45565,0.755956429527642,0
chr2,132000001,133000000,2q,0.409991,0.65159733476199,26051
chr2,133000001,134000000,2q,0.407546,0.974924777051814,16034
chr2,134000001,135000000,2q,0.411132,0.957159890836987,0
chr2,135000001,136000000,2q,0.415924,0.963508551523974,0
chr2,136000001,137000000,2q,0.402261,0.969625538919815,0
chr2,137000001,138000000,2q,0.395813,0.974819851322479,0
chr2,138000001,139000000,2q,0.375674,0.962281227882863,0
chr2,139000001,140000000,2q,0.372184,0.97904601219466,0
chr2,140000001,141000000,2q,0.35952,0.977151150555859,0
chr2,141000001,142000000,2q,0.346464,0.983990044462676,0
chr2,142000001,143000000,2q,0.349372,0.989327196618159,0
chr2,143000001,144000000,2q,0.364627,0.969863612902623,0
chr2,144000001,145000000,2q,0.369983,0.973363606993652,93
chr2,145000001,146000000,2q,0.372636,0.986041819253119,0
chr2,146000001,147000000,2q,0.353317,0.986973888489729,143
chr2,147000001,148000000,2q,0.361614,0.977240111750658,0
chr2,148000001,149000000,2q,0.374783,0.964444260809094,0
chr2,149000001,150000000,2q,0.357359,0.972524629742308,132
chr2,150000001,151000000,2q,0.384329,0.948326687748555,0
chr2,151000001,152000000,2q,0.383431,0.990792985420862,0
chr2,152000001,153000000,2q,0.39879,0.959307424243245,0
chr2,153000001,154000000,2q,0.390803,0.9774099243583,48
chr2,154000001,155000000,2q,0.365722,0.958286156160707,0
chr2,155000001,156000000,2q,0.351719,0.976284553742246,0
chr2,156000001,157000000,2q,0.347435,0.970742610137849,1383
chr2,157000001,158000000,2q,0.372723,0.961288465672307,0
chr2,158000001,159000000,2q,0.387136,0.965152513162079,0
chr2,159000001,160000000,2q,0.403359,0.950245684095201,406
chr2,160000001,161000000,2q,0.386328,0.972657783235558,0
chr2,161000001,162000000,2q,0.3893,0.956236648363321,0
chr2,162000001,163000000,2q,0.367404,0.968873970380725,238
chr2,163000001,164000000,2q,0.356085,0.9823985060974,0
chr2,164000001,165000000,2q,0.361193,0.987888091925085,0
chr2,165000001,166000000,2q,0.364637,0.975856192533448,0
chr2,166000001,167000000,2q,0.364101,0.972510311245986,0
chr2,167000001,168000000,2q,0.356554,0.952315648175763,26
chr2,168000001,169000000,2q,0.378165,0.967661795686366,0
chr2,169000001,170000000,2q,0.395112,0.98267111583683,59
chr2,170000001,171000000,2q,0.389872,0.954340881371445,87
chr2,171000001,172000000,2q,0.406811,0.98261266289336,29
chr2,172000001,173000000,2q,0.404148,0.976021992693705,0
chr2,173000001,174000000,2q,0.414184,0.970256536523081,0
chr2,174000001,175000000,2q,0.406504,0.97921593502763,0
chr2,175000001,176000000,2q,0.398232,0.975365995637505,0
chr2,176000001,177000000,2q,0.39743,0.956715298849507,44
chr2,177000001,178000000,2q,0.396525,0.981684311542963,51
chr2,178000001,179000000,2q,0.391274,0.967029439643182,0
chr2,179000001,180000000,2q,0.384768,0.965339681639654,0
chr2,180000001,181000000,2q,0.371633,0.972970646492127,0
chr2,181000001,182000000,2q,0.36074,0.96968994101867,0
chr2,182000001,183000000,2q,0.36847,0.975451111230573,0
chr2,183000001,184000000,2q,0.37227,0.962942177201277,0
chr2,184000001,185000000,2q,0.36526,0.956509207680758,37
chr2,185000001,186000000,2q,0.339833,0.977317447999755,0
chr2,186000001,187000000,2q,0.34584,0.959626505924735,0
chr2,187000001,188000000,2q,0.368963,0.971336393307026,0
chr2,188000001,189000000,2q,0.35523,0.971299489803509,0
chr2,189000001,190000000,2q,0.352617,0.981726623362605,0
chr2,190000001,191000000,2q,0.370654,0.974874688532251,311
chr2,191000001,192000000,2q,0.391067,0.975430710635276,139
chr2,192000001,193000000,2q,0.388465,0.9791163685349,0
chr2,193000001,194000000,2q,0.346303,0.962594559534876,124
chr2,194000001,195000000,2q,0.340407,0.961967546059263,0
chr2,195000001,196000000,2q,0.342764,0.957107314708865,0
chr2,196000001,197000000,2q,0.376884,0.957684240067955,0
chr2,197000001,198000000,2q,0.386778,0.969735042892048,0
chr2,198000001,199000000,2q,0.398312,0.956147177200213,0
chr2,199000001,200000000,2q,0.363475,0.978850276198387,0
chr2,200000001,201000000,2q,0.392518,0.978892206988469,0
chr2,201000001,202000000,2q,0.408018,0.973716768359557,115
chr2,202000001,203000000,2q,0.41371,0.966770685179651,0
chr2,203000001,204000000,2q,0.40795,0.973762146184914,3847
chr2,204000001,205000000,2q,0.404545,0.982697013671848,0
chr2,205000001,206000000,2q,0.382461,0.978128581717767,0
chr2,206000001,207000000,2q,0.410786,0.985632335522606,0
chr2,207000001,208000000,2q,0.400184,0.959259290664332,0
chr2,208000001,209000000,2q,0.415802,0.985464823416758,0
chr2,209000001,210000000,2q,0.378678,0.936500692323417,99
chr2,210000001,211000000,2q,0.367352,0.966482312681785,95
chr2,211000001,212000000,2q,0.364606,0.970859969568889,0
chr2,212000001,213000000,2q,0.353755,0.973516338261126,125
chr2,213000001,214000000,2q,0.355057,0.981182684998346,0
chr2,214000001,215000000,2q,0.36051,0.970733077944991,0
chr2,215000001,216000000,2q,0.370143,0.973370918348364,0
chr2,216000001,217000000,2q,0.401901,0.97388148304097,0
chr2,217000001,218000000,2q,0.441945,0.984450560949076,0
chr2,218000001,219000000,2q,0.447284,0.985716792446879,0
chr2,219000001,220000000,2q,0.47055,0.981640511181887,0
chr2,220000001,221000000,2q,0.472393,0.981194366218542,0
chr2,221000001,222000000,2q,0.386702,0.988817195922529,0
chr2,222000001,223000000,2q,0.387991,0.984484395722466,0
chr2,223000001,224000000,2q,0.405584,0.974562147573581,151
chr2,224000001,225000000,2q,0.403977,0.981316641387999,0
chr2,225000001,226000000,2q,0.399567,0.981057558954383,83
chr2,226000001,227000000,2q,0.369411,0.974417383097435,0
chr2,227000001,228000000,2q,0.391919,0.983650184311763,0
chr2,228000001,229000000,2q,0.403612,0.975537645337418,0
chr2,229000001,230000000,2q,0.377522,0.95375389796009,0
chr2,230000001,231000000,2q,0.406805,0.984656157564809,318
chr2,231000001,232000000,2q,0.431422,0.97626282146356,0
chr2,232000001,233000000,2q,0.462026,0.965432477838986,117
chr2,233000001,234000000,2q,0.473004,0.967290402293847,0
chr2,234000001,235000000,2q,0.418147,0.970705686155195,0
chr2,235000001,236000000,2q,0.447245,0.975353862600091,0
chr2,236000001,237000000,2q,0.460476,0.992049079255752,0
chr2,237000001,238000000,2q,0.455199,0.981778045054057,484
chr2,238000001,239000000,2q,0.458415,0.981632517073024,38
chr2,239000001,240000000,2q,0.470526,0.984158407513144,49
chr2,240000001,241000000,2q,0.4866,0.985349766517008,0
chr2,241000001,242000000,2q,0.531426,0.968381017265357,181
chr2,242000001,243000000,2q,0.50787,0.970214156214568,0
chr3,1000001,2000000,3p,0.366078,0.966265827362044,0
chr3,2000001,3000000,3p,0.376935,0.979612538344892,0
chr3,3000001,4000000,3p,0.394239,0.971432351324918,0
chr3,4000001,5000000,3p,0.408256,0.957606985396164,24
chr3,5000001,6000000,3p,0.407686,0.966956413858471,34
chr3,6000001,7000000,3p,0.37339,0.951306665224862,0
chr3,7000001,8000000,3p,0.381053,0.989254583357499,0
chr3,8000001,9000000,3p,0.418322,0.961036649774718,0
chr3,9000001,10000000,3p,0.46062,0.983402262887276,105
chr3,10000001,11000000,3p,0.477105,0.977434143660962,0
chr3,11000001,12000000,3p,0.448029,0.973094159076753,0
chr3,12000001,13000000,3p,0.442599,0.980181946837128,0
chr3,13000001,14000000,3p,0.509658,0.98768145352837,0
chr3,14000001,15000000,3p,0.470275,0.977188443714651,0
chr3,15000001,16000000,3p,0.419067,0.956241257324539,66
chr3,16000001,17000000,3p,0.41459,0.977042636823433,0
chr3,17000001,18000000,3p,0.383028,0.966920709715516,0
chr3,18000001,19000000,3p,0.373464,0.970307529606815,187
chr3,19000001,20000000,3p,0.374026,0.938379024209229,0
chr3,20000001,21000000,3p,0.378424,0.975015937629387,0
chr3,21000001,22000000,3p,0.365488,0.968817261449909,0
chr3,22000001,23000000,3p,0.367384,0.947677724171814,113
chr3,23000001,24000000,3p,0.399509,0.969138770394313,70
chr3,24000001,25000000,3p,0.385335,0.970708444726361,62
chr3,25000001,26000000,3p,0.387421,0.983893844596797,0
chr3,26000001,27000000,3p,0.380924,0.934846257619044,0
chr3,27000001,28000000,3p,0.39412,0.974851178166655,146
chr3,28000001,29000000,3p,0.373853,0.96969538276782,0
chr3,29000001,30000000,3p,0.363987,0.978443907206483,0
chr3,30000001,31000000,3p,0.380484,0.972419829013541,0
chr3,31000001,32000000,3p,0.401697,0.9936957818421,0
chr3,32000001,33000000,3p,0.432519,0.972998336260962,0
chr3,33000001,34000000,3p,0.40144,0.974956791213236,0
chr3,34000001,35000000,3p,0.383963,0.958442030306484,0
chr3,35000001,36000000,3p,0.360941,0.963236205032569,0
chr3,36000001,37000000,3p,0.394097,0.966464431731814,0
chr3,37000001,38000000,3p,0.422875,0.978910139907362,0
chr3,38000001,39000000,3p,0.446812,0.965559951509235,0
chr3,39000001,40000000,3p,0.416413,0.958448621970621,0
chr3,40000001,41000000,3p,0.414856,0.949605322245708,32
chr3,41000001,42000000,3p,0.400692,0.954842632459112,0
chr3,42000001,43000000,3p,0.447351,0.976559511505936,0
chr3,43000001,44000000,3p,0.424086,0.959713598607564,0
chr3,44000001,45000000,3p,0.4256,0.980333699051316,0
chr3,45000001,46000000,3p,0.444255,0.991338041018907,85
chr3,46000001,47000000,3p,0.452365,0.966442704439463,0
chr3,47000001,48000000,3p,0.454404,0.979027185615744,0
chr3,48000001,49000000,3p,0.476658,0.97477992443828,0
chr3,49000001,50000000,3p,0.497381,0.975981928045432,750
chr3,50000001,51000000,3p,0.490973,0.972818912354689,0
chr3,51000001,52000000,3p,0.436404,0.947714152515574,0
chr3,52000001,53000000,3p,0.498582,0.990711703570095,0
chr3,53000001,54000000,3p,0.448402,0.973788009585986,0
chr3,54000001,55000000,3p,0.425481,0.969008287926353,0
chr3,55000001,56000000,3p,0.415527,0.970417039976328,0
chr3,56000001,57000000,3p,0.404243,0.976040175693131,0
chr3,57000001,58000000,3p,0.417583,0.970903320288568,60
chr3,58000001,59000000,3p,0.438475,0.950236455018493,0
chr3,59000001,60000000,3p,0.400318,0.97635604255171,0
chr3,60000001,61000000,3p,0.38497,0.979553122824947,0
chr3,61000001,62000000,3p,0.401747,0.971281010566685,0
chr3,62000001,63000000,3p,0.401184,0.989595261512346,0
chr3,63000001,64000000,3p,0.393011,0.956737911019327,0
chr3,64000001,65000000,3p,0.407347,0.985053636929387,0
chr3,65000001,66000000,3p,0.400234,0.976024343961272,0
chr3,66000001,67000000,3p,0.37352,0.980284561183655,0
chr3,67000001,68000000,3p,0.387435,0.9699066515897,131
chr3,68000001,69000000,3p,0.38596,0.974794561113299,0
chr3,69000001,70000000,3p,0.401051,0.978592780567406,0
chr3,70000001,71000000,3p,0.376929,0.963542094609447,0
chr3,71000001,72000000,3p,0.41498,0.993065604234389,0
chr3,72000001,73000000,3p,0.442333,0.986329298459577,0
chr3,73000001,74000000,3p,0.409036,0.981366378560459,0
chr3,74000001,75000000,3p,0.370232,0.9658416358659,0
chr3,75000001,76000000,3p,0.409534,0.855252439193189,3007
chr3,76000001,77000000,3p,0.356015,0.975949315199569,0
chr3,77000001,78000000,3p,0.360364,0.979551928635903,0
chr3,78000001,79000000,3p,0.362132,0.967744539274706,0
chr3,79000001,80000000,3p,0.350385,0.979716162142477,40
chr3,80000001,81000000,3p,0.347421,0.972931644184898,4142
chr3,81000001,82000000,3p,0.360142,0.97350997510214,16827
chr3,82000001,83000000,3p,0.353767,0.966148466376152,0
chr3,83000001,84000000,3p,0.339203,0.982266353312248,0
chr3,84000001,85000000,3p,0.34716,0.972964406154485,104
chr3,85000001,86000000,3p,0.340432,0.975071453237953,0
chr3,86000001,87000000,3p,0.352006,0.978968196190557,0
chr3,87000001,88000000,3p,0.361417,0.966732158450828,0
chr3,88000001,89000000,3p,0.3593,0.96379844520916,0
chr3,89000001,90000000,3p,0.352914,0.953795724198283,0
chr3,94000001,95000000,3q,0.353715,0.965816139323171,0
chr3,95000001,96000000,3q,0.344295,0.967205730304738,0
chr3,96000001,97000000,3q,0.354636,0.969474378061638,2219
chr3,97000001,98000000,3q,0.363904,0.965860213608156,0
chr3,98000001,99000000,3q,0.377922,0.95491969021082,0
chr3,99000001,100000000,3q,0.384403,0.967507102084532,326
chr3,100000001,101000000,3q,0.383708,0.961753502555301,0
chr3,101000001,102000000,3q,0.392193,0.952701274881733,0
chr3,102000001,103000000,3q,0.358919,0.969824711666074,0
chr3,103000001,104000000,3q,0.345171,0.97800092774396,0
chr3,104000001,105000000,3q,0.353659,0.988500112594604,0
chr3,105000001,106000000,3q,0.363352,0.975244604623962,0
chr3,106000001,107000000,3q,0.370609,0.969183646664433,0
chr3,107000001,108000000,3q,0.386891,0.970364428053069,0
chr3,108000001,109000000,3q,0.38139,0.96694444930022,275
chr3,109000001,110000000,3q,0.374086,0.955443218304851,0
chr3,110000001,111000000,3q,0.365788,0.967489304803481,0
chr3,111000001,112000000,3q,0.387169,0.960628024114923,0
chr3,112000001,113000000,3q,0.395986,0.962343382191124,0
chr3,113000001,114000000,3q,0.397439,0.973893843663725,0
chr3,114000001,115000000,3q,0.36522,0.986597079856455,0
chr3,115000001,116000000,3q,0.380372,0.969584912698893,0
chr3,116000001,117000000,3q,0.370192,0.970052108742925,0
chr3,117000001,118000000,3q,0.366026,0.983032542692002,86
chr3,118000001,119000000,3q,0.386468,0.954907154043851,0
chr3,119000001,120000000,3q,0.406382,0.986348286954824,81
chr3,120000001,121000000,3q,0.387314,0.935599114811171,0
chr3,121000001,122000000,3q,0.393714,0.946648207216331,0
chr3,122000001,123000000,3q,0.421883,0.978167216552,128
chr3,123000001,124000000,3q,0.44527,0.980495308711009,0
chr3,124000001,125000000,3q,0.435326,0.982920045682008,0
chr3,125000001,126000000,3q,0.436999,0.895422948852071,14329
chr3,126000001,127000000,3q,0.486105,0.973220841918731,0
chr3,127000001,128000000,3q,0.465677,0.989415020916167,0
chr3,128000001,129000000,3q,0.48786,0.975056950334652,0
chr3,129000001,130000000,3q,0.460824,0.897044255120005,0
chr3,130000001,131000000,3q,0.384732,0.96275163765496,0
chr3,131000001,132000000,3q,0.391858,0.959988593448305,155
chr3,132000001,133000000,3q,0.388476,0.941801536836116,0
chr3,133000001,134000000,3q,0.433216,0.966020845150106,0
chr3,134000001,135000000,3q,0.44275,0.974515166164862,0
chr3,135000001,136000000,3q,0.408419,0.948157327190908,0
chr3,136000001,137000000,3q,0.403047,0.952906827758425,26
chr3,137000001,138000000,3q,0.398454,0.947041481212607,0
chr3,138000001,139000000,3q,0.430885,0.966292859077013,157
chr3,139000001,140000000,3q,0.423022,0.970774051460365,0
chr3,140000001,141000000,3q,0.421625,0.974124583787978,0
chr3,141000001,142000000,3q,0.412962,0.973883270747154,551
chr3,142000001,143000000,3q,0.392882,0.972553856394188,89
chr3,143000001,144000000,3q,0.384087,0.975834392494758,0
chr3,144000001,145000000,3q,0.351757,0.97869727871618,0
chr3,145000001,146000000,3q,0.353674,0.966901468930995,0
chr3,146000001,147000000,3q,0.357492,0.966150736966414,0
chr3,147000001,148000000,3q,0.362445,0.983720917083779,0
chr3,148000001,149000000,3q,0.374482,0.963464067546958,120
chr3,149000001,150000000,3q,0.396665,0.984679270556957,0
chr3,150000001,151000000,3q,0.400573,0.976661125257582,0
chr3,151000001,152000000,3q,0.370081,0.975393453696841,0
chr3,152000001,153000000,3q,0.378601,0.975470700276586,0
chr3,153000001,154000000,3q,0.373963,0.954430629650506,0
chr3,154000001,155000000,3q,0.371352,0.961614865129289,0
chr3,155000001,156000000,3q,0.39894,0.962285331504886,0
chr3,156000001,157000000,3q,0.39449,0.977908935579039,0
chr3,157000001,158000000,3q,0.380803,0.953706530871066,0
chr3,158000001,159000000,3q,0.384528,0.952827157263829,47
chr3,159000001,160000000,3q,0.402073,0.961788082358304,0
chr3,160000001,161000000,3q,0.382674,0.970040127280342,103
chr3,161000001,162000000,3q,0.365107,0.981283873779499,0
chr3,162000001,163000000,3q,0.347466,0.962258857582008,0
chr3,163000001,164000000,3q,0.348137,0.964608814935581,30
chr3,164000001,165000000,3q,0.343736,0.974943214036142,0
chr3,165000001,166000000,3q,0.348009,0.956023029639962,0
chr3,166000001,167000000,3q,0.355054,0.965307103471836,0
chr3,167000001,168000000,3q,0.367004,0.977588584193603,0
chr3,168000001,169000000,3q,0.360163,0.978570660440328,0
chr3,169000001,170000000,3q,0.394151,0.97669706486933,0
chr3,170000001,171000000,3q,0.405409,0.959691335695453,0
chr3,171000001,172000000,3q,0.396324,0.978236829568391,0
chr3,172000001,173000000,3q,0.387352,0.983046900442671,149
chr3,173000001,174000000,3q,0.355286,0.980101714356483,102
chr3,174000001,175000000,3q,0.355005,0.976507846544843,0
chr3,175000001,176000000,3q,0.353425,0.964087787299116,0
chr3,176000001,177000000,3q,0.383048,0.969292669937401,0
chr3,177000001,178000000,3q,0.388327,0.974558498787937,0
chr3,178000001,179000000,3q,0.381542,0.962052919055124,0
chr3,179000001,180000000,3q,0.394307,0.979121533245121,332
chr3,180000001,181000000,3q,0.375656,0.963819874358713,0
chr3,181000001,182000000,3q,0.384788,0.983828013815427,0
chr3,182000001,183000000,3q,0.395614,0.975276305149153,0
chr3,183000001,184000000,3q,0.448168,0.98056946171788,0
chr3,184000001,185000000,3q,0.449033,0.984519550755726,0
chr3,185000001,186000000,3q,0.428428,0.976547847480459,0
chr3,186000001,187000000,3q,0.432976,0.971760475472588,237
chr3,187000001,188000000,3q,0.414991,0.971289454758361,112
chr3,188000001,189000000,3q,0.389959,0.971470272582065,0
chr3,189000001,190000000,3q,0.376931,0.982552837307152,0
chr3,190000001,191000000,3q,0.368387,0.978742201527226,0
chr3,191000001,192000000,3q,0.368734,0.97243616830825,0
chr3,192000001,193000000,3q,0.388438,0.973295669653277,0
chr3,193000001,194000000,3q,0.427618,0.986998493356451,0
chr3,194000001,195000000,3q,0.465603,0.978930750081173,0
chr3,195000001,196000000,3q,0.467146,0.881328660717514,48
chr3,196000001,197000000,3q,0.429716,0.974807152933905,151
chr3,197000001,198000000,3q,0.42888,0.85042204123457,0
chr4,1000001,2000000,4p,0.515657,0.97722466822318,0
chr4,2000001,3000000,4p,0.491295,0.980471697696836,0
chr4,3000001,4000000,4p,0.51658,0.932507302202928,0
chr4,4000001,5000000,4p,0.457646,0.915722673085684,0
chr4,5000001,6000000,4p,0.448741,0.951098605424701,0
chr4,6000001,7000000,4p,0.498609,0.985041545609732,0
chr4,7000001,8000000,4p,0.516283,0.988069414683997,389
chr4,8000001,9000000,4p,0.518414,0.960732175903524,595
chr4,9000001,10000000,4p,0.432163,0.690982453374375,0
chr4,10000001,11000000,4p,0.426932,0.980379918252065,123
chr4,11000001,12000000,4p,0.389819,0.943503113228368,0
chr4,12000001,13000000,4p,0.372947,0.959851845543126,16303
chr4,13000001,14000000,4p,0.398207,0.976257473528805,0
chr4,14000001,15000000,4p,0.388842,0.954845547957931,0
chr4,15000001,16000000,4p,0.402412,0.970231411724106,0
chr4,16000001,17000000,4p,0.405904,0.970651119448652,71
chr4,17000001,18000000,4p,0.407891,0.978990100123513,284
chr4,18000001,19000000,4p,0.376609,0.971548207547548,0
chr4,19000001,20000000,4p,0.364087,0.966583227868753,0
chr4,20000001,21000000,4p,0.371393,0.978830965212649,0
chr4,21000001,22000000,4p,0.376066,0.968280956815224,184
chr4,22000001,23000000,4p,0.385435,0.966561096114192,0
chr4,23000001,24000000,4p,0.373404,0.978312875773117,0
chr4,24000001,25000000,4p,0.416789,0.981001115160722,0
chr4,25000001,26000000,4p,0.432331,0.989234221490556,0
chr4,26000001,27000000,4p,0.402626,0.967927917854875,0
chr4,27000001,28000000,4p,0.374831,0.975941533633049,152
chr4,28000001,29000000,4p,0.35521,0.986728258086704,0
chr4,29000001,30000000,4p,0.343486,0.983900275342645,0
chr4,30000001,31000000,4p,0.35422,0.989729130228191,0
chr4,31000001,32000000,4p,0.345226,0.99149050864301,0
chr4,32000001,33000000,4p,0.344763,0.985718941614816,0
chr4,33000001,34000000,4p,0.348583,0.986641257216227,0
chr4,34000001,35000000,4p,0.342684,0.986797872401137,0
chr4,35000001,36000000,4p,0.349677,0.979938187033298,0
chr4,36000001,37000000,4p,0.364564,0.98030075459283,0
chr4,37000001,38000000,4p,0.401742,0.973245893031388,0
chr4,38000001,39000000,4p,0.420811,0.977953357550189,0
chr4,39000001,40000000,4p,0.408907,0.977747663436648,0
chr4,40000001,41000000,4p,0.430843,0.981443214349836,22
chr4,41000001,42000000,4p,0.407671,0.97982023201725,0
chr4,42000001,43000000,4p,0.39212,0.98159224072948,93
chr4,43000001,44000000,4p,0.358538,0.961842050005556,0
chr4,44000001,45000000,4p,0.360843,0.969052991781216,0
chr4,45000001,46000000,4p,0.352775,0.972542393885256,0
chr4,46000001,47000000,4p,0.357755,0.966817344305947,0
chr4,47000001,48000000,4p,0.373692,0.979045853243623,0
chr4,48000001,49000000,4p,0.392708,0.955454661587429,0
chr4,53000001,54000000,4q,0.407463,0.930721195881347,0
chr4,54000001,55000000,4q,0.400762,0.926615797145743,155
chr4,55000001,56000000,4q,0.41189,0.967433429784613,0
chr4,56000001,57000000,4q,0.391752,0.968427595418083,0
chr4,57000001,58000000,4q,0.420339,0.97147394903385,0
chr4,58000001,59000000,4q,0.382207,0.93885608614382,54
chr4,59000001,60000000,4q,0.333028,0.964249742215156,172
chr4,60000001,61000000,4q,0.347781,0.958187991018273,0
chr4,61000001,62000000,4q,0.351763,0.963173997162743,0
chr4,62000001,63000000,4q,0.353317,0.964935579105335,0
chr4,63000001,64000000,4q,0.353454,0.965092195832311,0
chr4,64000001,65000000,4q,0.341979,0.960493020015286,13298
chr4,65000001,66000000,4q,0.347683,0.961369096151204,0
chr4,66000001,67000000,4q,0.34453,0.957094383334901,0
chr4,67000001,68000000,4q,0.352491,0.965911472912819,0
chr4,68000001,69000000,4q,0.373254,0.962397330932664,2588
chr4,69000001,70000000,4q,0.365502,0.945368178022203,0
chr4,70000001,71000000,4q,0.353377,0.919759286761396,172
chr4,71000001,72000000,4q,0.38383,0.950737883217344,70
chr4,72000001,73000000,4q,0.372169,0.965494437254877,0
chr4,73000001,74000000,4q,0.372656,0.949268795992366,0
chr4,74000001,75000000,4q,0.373857,0.970695294240672,0
chr4,75000001,76000000,4q,0.367758,0.93640622354708,0
chr4,76000001,77000000,4q,0.398892,0.940940077983416,522
chr4,77000001,78000000,4q,0.407794,0.985402011936177,155
chr4,78000001,79000000,4q,0.403903,0.965465661065176,779
chr4,79000001,80000000,4q,0.387867,0.950142026943015,0
chr4,80000001,81000000,4q,0.360177,0.95698321195345,80
chr4,81000001,82000000,4q,0.365539,0.973443710276847,0
chr4,82000001,83000000,4q,0.388084,0.965154396995406,0
chr4,83000001,84000000,4q,0.410155,0.969031861203236,0
chr4,84000001,85000000,4q,0.398222,0.967702879254311,0
chr4,85000001,86000000,4q,0.38053,0.96641763698323,0
chr4,86000001,87000000,4q,0.370441,0.962447987652582,155
chr4,87000001,88000000,4q,0.382967,0.954535377060508,0
chr4,88000001,89000000,4q,0.393327,0.960048843324317,0
chr4,89000001,90000000,4q,0.395781,0.975273349449915,0
chr4,90000001,91000000,4q,0.371016,0.977538571432144,0
chr4,91000001,92000000,4q,0.352041,0.958068933737751,0
chr4,92000001,93000000,4q,0.35469,0.94224258353172,0
chr4,93000001,94000000,4q,0.345671,0.970550583281819,703
chr4,94000001,95000000,4q,0.357951,0.957412814950217,0
chr4,95000001,96000000,4q,0.375704,0.960215319374379,0
chr4,96000001,97000000,4q,0.368059,0.9631337426816,0
chr4,97000001,98000000,4q,0.352649,0.970870875203549,0
chr4,98000001,99000000,4q,0.358371,0.942646628493622,0
chr4,99000001,100000000,4q,0.390537,0.967431885015798,0
chr4,100000001,101000000,4q,0.385103,0.95098121754572,0
chr4,101000001,102000000,4q,0.367953,0.980966106420086,0
chr4,102000001,103000000,4q,0.362514,0.972252022243295,0
chr4,103000001,104000000,4q,0.383546,0.941818152431973,0
chr4,104000001,105000000,4q,0.363367,0.93705593972617,314
chr4,105000001,106000000,4q,0.358408,0.959739315568649,0
chr4,106000001,107000000,4q,0.370846,0.963271364879778,0
chr4,107000001,108000000,4q,0.36166,0.945017717527631,522
chr4,108000001,109000000,4q,0.381367,0.972061148361445,0
chr4,109000001,110000000,4q,0.394302,0.977860189245605,0
chr4,110000001,111000000,4q,0.389983,0.970128776826743,0
chr4,111000001,112000000,4q,0.384862,0.955678299854891,0
chr4,112000001,113000000,4q,0.357606,0.947174532538291,206
chr4,113000001,114000000,4q,0.392817,0.96498257650088,0
chr4,114000001,115000000,4q,0.366707,0.971904597094568,0
chr4,115000001,116000000,4q,0.357725,0.98367925547442,0
chr4,116000001,117000000,4q,0.341975,0.976534123021545,0
chr4,117000001,118000000,4q,0.342997,0.972178852112591,89
chr4,118000001,119000000,4q,0.352397,0.963160133617198,0
chr4,119000001,120000000,4q,0.385422,0.844239889701321,0
chr4,120000001,121000000,4q,0.375097,0.90415372958939,166
chr4,121000001,122000000,4q,0.368044,0.964795956646114,0
chr4,122000001,123000000,4q,0.3805,0.98086809938029,0
chr4,123000001,124000000,4q,0.37785,0.952768442315473,0
chr4,124000001,125000000,4q,0.379317,0.973221782474512,29
chr4,125000001,126000000,4q,0.358648,0.969489420604712,0
chr4,126000001,127000000,4q,0.353005,0.977759302649749,0
chr4,127000001,128000000,4q,0.353655,0.957591663456589,0
chr4,128000001,129000000,4q,0.379675,0.950761970476499,0
chr4,129000001,130000000,4q,0.397221,0.963793408341872,0
chr4,130000001,131000000,4q,0.364179,0.958016337284583,0
chr4,131000001,132000000,4q,0.346041,0.982305784198175,0
chr4,132000001,133000000,4q,0.355506,0.822768278278066,0
chr4,133000001,134000000,4q,0.345919,0.968033699074985,0
chr4,134000001,135000000,4q,0.346873,0.979164405244129,566
chr4,135000001,136000000,4q,0.343994,0.970152893614189,0
chr4,136000001,137000000,4q,0.341102,0.968857808276425,92
chr4,137000001,138000000,4q,0.349787,0.987043836477315,0
chr4,138000001,139000000,4q,0.353847,0.975969589401926,0
chr4,139000001,140000000,4q,0.391427,0.97225103222421,0
chr4,140000001,141000000,4q,0.414438,0.982989880134892,0
chr4,141000001,142000000,4q,0.397357,0.958074365611093,0
chr4,142000001,143000000,4q,0.373848,0.960376197664776,137
chr4,143000001,144000000,4q,0.367179,0.968092801342559,0
chr4,144000001,145000000,4q,0.382981,0.880152146223085,0
chr4,145000001,146000000,4q,0.372625,0.941269228761844,0
chr4,146000001,147000000,4q,0.396581,0.959274091486835,0
chr4,147000001,148000000,4q,0.381031,0.961635715097777,0
chr4,148000001,149000000,4q,0.395469,0.969023050570635,0
chr4,149000001,150000000,4q,0.379518,0.974882409179833,0
chr4,150000001,151000000,4q,0.364807,0.955834174407606,400
chr4,151000001,152000000,4q,0.375438,0.978472542262749,0
chr4,152000001,153000000,4q,0.413599,0.975966813708775,0
chr4,153000001,154000000,4q,0.403789,0.983057611444443,0
chr4,154000001,155000000,4q,0.414147,0.984030313662248,165
chr4,155000001,156000000,4q,0.381692,0.975127083575038,64
chr4,156000001,157000000,4q,0.369612,0.983655012695704,13488
chr4,157000001,158000000,4q,0.360375,0.976361709382464,0
chr4,158000001,159000000,4q,0.354609,0.968445504009208,0
chr4,159000001,160000000,4q,0.388126,0.951491465118544,0
chr4,160000001,161000000,4q,0.380081,0.965212882899498,0
chr4,161000001,162000000,4q,0.34875,0.957229624775794,0
chr4,162000001,163000000,4q,0.342988,0.97869849497466,82
chr4,163000001,164000000,4q,0.355157,0.983385348704424,175
chr4,164000001,165000000,4q,0.367088,0.964484662546498,0
chr4,165000001,166000000,4q,0.380837,0.930468985784634,0
chr4,166000001,167000000,4q,0.378603,0.964302838996696,0
chr4,167000001,168000000,4q,0.351231,0.946725840092704,939
chr4,168000001,169000000,4q,0.356579,0.958955685357017,0
chr4,169000001,170000000,4q,0.389317,0.982188469694937,0
chr4,170000001,171000000,4q,0.395677,0.967428615726692,0
chr4,171000001,172000000,4q,0.365654,0.947310983948604,0
chr4,172000001,173000000,4q,0.351518,0.984382347329479,0
chr4,173000001,174000000,4q,0.369127,0.983203531071087,0
chr4,174000001,175000000,4q,0.385302,0.974544097519373,0
chr4,175000001,176000000,4q,0.363299,0.973757175441298,0
chr4,176000001,177000000,4q,0.360075,0.978965916925421,0
chr4,177000001,178000000,4q,0.367362,0.981403210210516,0
chr4,178000001,179000000,4q,0.369598,0.976021362772807,0
chr4,179000001,180000000,4q,0.351261,0.977109905449232,0
chr4,180000001,181000000,4q,0.356832,0.977065951878356,0
chr4,181000001,182000000,4q,0.363176,0.984040450357116,0
chr4,182000001,183000000,4q,0.382989,0.973396581801014,0
chr4,183000001,184000000,4q,0.405279,0.97331036165734,0
chr4,184000001,185000000,4q,0.425267,0.979466510671182,0
chr4,185000001,186000000,4q,0.438515,0.976986142718648,0
chr4,186000001,187000000,4q,0.409234,0.984571099222538,27
chr4,187000001,188000000,4q,0.416113,0.949630317862161,0
chr4,188000001,189000000,4q,0.391767,0.975677287949288,0
chr4,189000001,190000000,4q,0.39835,0.968290710316078,0
chr4,190000001,191000000,4q,0.413376,0.911605097103902,0
chr5,1000001,2000000,5p,0.536477,0.954808873229272,92
chr5,2000001,3000000,5p,0.451496,0.99080745692298,0
chr5,3000001,4000000,5p,0.440495,0.981371820414157,2295
chr5,4000001,5000000,5p,0.399891,0.977424401152631,0
chr5,5000001,6000000,5p,0.419496,0.988271728984504,0
chr5,6000001,7000000,5p,0.440829,0.987536098087804,0
chr5,7000001,8000000,5p,0.405744,0.949712685033627,0
chr5,8000001,9000000,5p,0.385162,0.966408890741106,0
chr5,9000001,10000000,5p,0.404365,0.977585569358692,0
chr5,10000001,11000000,5p,0.441114,0.98235540535423,1559
chr5,11000001,12000000,5p,0.390288,0.990840198689721,0
chr5,12000001,13000000,5p,0.356109,0.977689769205906,326
chr5,13000001,14000000,5p,0.380966,0.982212265628771,0
chr5,14000001,15000000,5p,0.431989,0.988653747702966,0
chr5,15000001,16000000,5p,0.392434,0.967672943188012,0
chr5,16000001,17000000,5p,0.419697,0.969181336405475,0
chr5,17000001,18000000,5p,0.387319,0.945067285056979,0
chr5,18000001,19000000,5p,0.356397,0.972798396096746,0
chr5,19000001,20000000,5p,0.34972,0.976296481562215,0
chr5,20000001,21000000,5p,0.351503,0.89070187689824,0
chr5,21000001,22000000,5p,0.356504,0.835927796286777,0
chr5,22000001,23000000,5p,0.354026,0.94137407903567,0
chr5,23000001,24000000,5p,0.354443,0.986693596802134,18708
chr5,24000001,25000000,5p,0.350969,0.982633562865014,0
chr5,25000001,26000000,5p,0.349134,0.96455966818822,0
chr5,26000001,27000000,5p,0.349315,0.980701964348638,0
chr5,27000001,28000000,5p,0.344847,0.979468800514562,0
chr5,28000001,29000000,5p,0.34893,0.962781254295408,0
chr5,29000001,30000000,5p,0.346544,0.96771361784855,0
chr5,30000001,31000000,5p,0.356301,0.964313850128759,0
chr5,31000001,32000000,5p,0.416952,0.989180865070118,0
chr5,32000001,33000000,5p,0.422013,0.968952016980148,0
chr5,33000001,34000000,5p,0.396076,0.96521549538768,0
chr5,34000001,35000000,5p,0.398861,0.824840100530158,341
chr5,35000001,36000000,5p,0.392439,0.959976294730268,0
chr5,36000001,37000000,5p,0.388683,0.975868775558438,0
chr5,37000001,38000000,5p,0.400771,0.954978976624733,0
chr5,38000001,39000000,5p,0.408066,0.980690704819842,0
chr5,39000001,40000000,5p,0.374713,0.967970919604517,0
chr5,40000001,41000000,5p,0.383465,0.967713467701423,0
chr5,41000001,42000000,5p,0.375553,0.954450160263209,89
chr5,42000001,43000000,5p,0.383589,0.949469510165631,0
chr5,43000001,44000000,5p,0.402801,0.937910566669206,0
chr5,44000001,45000000,5p,0.364065,0.959770624886166,0
chr5,45000001,46000000,5p,0.357059,0.936836125163446,74396
chr5,50000001,51000000,5q,0.360863,0.966557386373022,0
chr5,51000001,52000000,5q,0.352366,0.954201128428673,79
chr5,52000001,53000000,5q,0.379827,0.961874169688952,56
chr5,53000001,54000000,5q,0.399395,0.970562877827373,0
chr5,54000001,55000000,5q,0.400203,0.968676802734881,0
chr5,55000001,56000000,5q,0.414857,0.974337142017284,0
chr5,56000001,57000000,5q,0.40209,0.971508878842126,0
chr5,57000001,58000000,5q,0.378921,0.94470182014516,0
chr5,58000001,59000000,5q,0.377867,0.978883641592677,27
chr5,59000001,60000000,5q,0.377675,0.961801694288023,0
chr5,60000001,61000000,5q,0.394018,0.96705120427041,0
chr5,61000001,62000000,5q,0.401289,0.962001692984955,0
chr5,62000001,63000000,5q,0.371133,0.940650089231428,291
chr5,63000001,64000000,5q,0.375027,0.957218917496492,0
chr5,64000001,65000000,5q,0.369588,0.967753792477487,0
chr5,65000001,66000000,5q,0.395904,0.962155443358465,346
chr5,66000001,67000000,5q,0.388142,0.976656486597576,0
chr5,67000001,68000000,5q,0.396256,0.946267101146967,0
chr5,68000001,69000000,5q,0.415998,0.856482683608863,0
chr5,69000001,70000000,5q,0.379908,0.217069320143361,0
chr5,70000001,71000000,5q,0.390745,0.481665853954518,0
chr5,71000001,72000000,5q,0.409989,0.977797415451619,331
chr5,72000001,73000000,5q,0.406864,0.981662887014577,0
chr5,73000001,74000000,5q,0.408749,0.984724692550907,0
chr5,74000001,75000000,5q,0.389248,0.952517307639977,0
chr5,75000001,76000000,5q,0.403724,0.951377036494757,0
chr5,76000001,77000000,5q,0.412342,0.965708448554927,0
chr5,77000001,78000000,5q,0.39649,0.968385753047178,0
chr5,78000001,79000000,5q,0.403483,0.961302499924379,0
chr5,79000001,80000000,5q,0.416213,0.960623883352119,2347
chr5,80000001,81000000,5q,0.389779,0.964257780129558,0
chr5,81000001,82000000,5q,0.390731,0.961841821287437,0
chr5,82000001,83000000,5q,0.370128,0.963765436096287,0
chr5,83000001,84000000,5q,0.358484,0.968904525140298,0
chr5,84000001,85000000,5q,0.341959,0.973315281718289,0
chr5,85000001,86000000,5q,0.350075,0.960167962821759,0
chr5,86000001,87000000,5q,0.36476,0.968483700568742,0
chr5,87000001,88000000,5q,0.369758,0.968639372845062,0
chr5,88000001,89000000,5q,0.360638,0.974597396158122,0
chr5,89000001,90000000,5q,0.3665,0.956298888511003,0
chr5,90000001,91000000,5q,0.377196,0.974519439066997,0
chr5,91000001,92000000,5q,0.330906,0.965993631512677,0
chr5,92000001,93000000,5q,0.3721,0.964201862402725,0
chr5,93000001,94000000,5q,0.365375,0.974315012224748,3463
chr5,94000001,95000000,5q,0.373168,0.979133197907705,0
chr5,95000001,96000000,5q,0.391415,0.973161996513907,0
chr5,96000001,97000000,5q,0.381498,0.968313494744837,194
chr5,97000001,98000000,5q,0.366477,0.940596832614458,0
chr5,98000001,99000000,5q,0.371905,0.915368125350981,0
chr5,99000001,100000000,5q,0.354231,0.895878479399712,9108
chr5,100000001,101000000,5q,0.350131,0.946684821470607,0
chr5,101000001,102000000,5q,0.359754,0.955597884839639,0
chr5,102000001,103000000,5q,0.366683,0.974885976505853,0
chr5,103000001,104000000,5q,0.355403,0.964553346094175,143
chr5,104000001,105000000,5q,0.342717,0.970517267404709,0
chr5,105000001,106000000,5q,0.344629,0.979916133370845,160
chr5,106000001,107000000,5q,0.366455,0.970440525388597,0
chr5,107000001,108000000,5q,0.375788,0.983381113795097,0
chr5,108000001,109000000,5q,0.376868,0.955905396956163,0
chr5,109000001,110000000,5q,0.371054,0.976578090815185,0
chr5,110000001,111000000,5q,0.374999,0.945086555325798,0
chr5,111000001,112000000,5q,0.392361,0.965989503717872,0
chr5,112000001,113000000,5q,0.400774,0.980173141875651,0
chr5,113000001,114000000,5q,0.379041,0.967241610032042,0
chr5,114000001,115000000,5q,0.389147,0.961670044488608,0
chr5,115000001,116000000,5q,0.388364,0.97210990237897,0
chr5,116000001,117000000,5q,0.370731,0.970042971737007,0
chr5,117000001,118000000,5q,0.363142,0.969692099293078,0
chr5,118000001,119000000,5q,0.386117,0.972869857757991,0
chr5,119000001,120000000,5q,0.361577,0.949151516104526,0
chr5,120000001,121000000,5q,0.351056,0.957831148769306,0
chr5,121000001,122000000,5q,0.376496,0.95157378779643,0
chr5,122000001,123000000,5q,0.385637,0.974522929946402,447
chr5,123000001,124000000,5q,0.383566,0.971424390481571,1460
chr5,124000001,125000000,5q,0.381824,0.978558295756882,0
chr5,125000001,126000000,5q,0.384218,0.969538038333639,0
chr5,126000001,127000000,5q,0.402057,0.956815331450003,0
chr5,127000001,128000000,5q,0.377673,0.96829023779353,0
chr5,128000001,129000000,5q,0.363439,0.961704699750334,0
chr5,129000001,130000000,5q,0.363275,0.968545241553188,0
chr5,130000001,131000000,5q,0.385149,0.939694680307934,0
chr5,131000001,132000000,5q,0.431837,0.963264303303037,0
chr5,132000001,133000000,5q,0.44742,0.971170816252917,0
chr5,133000001,134000000,5q,0.46398,0.984569228575505,0
chr5,134000001,135000000,5q,0.455375,0.986027123168798,5219
chr5,135000001,136000000,5q,0.419687,0.977073424634597,0
chr5,136000001,137000000,5q,0.418385,0.957948353491289,0
chr5,137000001,138000000,5q,0.434006,0.976582795032073,0
chr5,138000001,139000000,5q,0.425799,0.966692901269763,0
chr5,139000001,140000000,5q,0.4587,0.981102643285737,0
chr5,140000001,141000000,5q,0.416659,0.967733966110472,0
chr5,141000001,142000000,5q,0.463295,0.983054662703732,0
chr5,142000001,143000000,5q,0.412484,0.989639213357558,186
chr5,143000001,144000000,5q,0.383587,0.967635904262623,0
chr5,144000001,145000000,5q,0.370098,0.949999298733745,0
chr5,145000001,146000000,5q,0.403301,0.975974150214739,122
chr5,146000001,147000000,5q,0.393979,0.978222290719741,0
chr5,147000001,148000000,5q,0.375313,0.947021810794394,0
chr5,148000001,149000000,5q,0.430777,0.979286408956825,0
chr5,149000001,150000000,5q,0.486289,0.988861461625374,0
chr5,150000001,151000000,5q,0.439556,0.977324233915858,65
chr5,151000001,152000000,5q,0.405351,0.960492986880077,0
chr5,152000001,153000000,5q,0.384037,0.928483982138393,0
chr5,153000001,154000000,5q,0.429379,0.982096011700669,0
chr5,154000001,155000000,5q,0.418733,0.972112694087141,238
chr5,155000001,156000000,5q,0.365136,0.97228345602661,0
chr5,156000001,157000000,5q,0.41865,0.964329624072929,169
chr5,157000001,158000000,5q,0.413872,0.97481332200097,46
chr5,158000001,159000000,5q,0.403819,0.985813183065643,0
chr5,159000001,160000000,5q,0.433409,0.986578665773332,0
chr5,160000001,161000000,5q,0.384078,0.960105686317338,683
chr5,161000001,162000000,5q,0.358163,0.963200070305567,0
chr5,162000001,163000000,5q,0.373215,0.958457735088433,0
chr5,163000001,164000000,5q,0.365383,0.97607343055393,0
chr5,164000001,165000000,5q,0.357569,0.985205404166211,0
chr5,165000001,166000000,5q,0.367617,0.979255511558181,52
chr5,166000001,167000000,5q,0.382069,0.98307318016926,0
chr5,167000001,168000000,5q,0.425647,0.983702805618483,0
chr5,168000001,169000000,5q,0.434213,0.983713925900717,0
chr5,169000001,170000000,5q,0.441749,0.980292367563892,0
chr5,170000001,171000000,5q,0.424663,0.9647320189775,0
chr5,171000001,172000000,5q,0.453939,0.989181369609536,0
chr5,172000001,173000000,5q,0.469688,0.982989079558474,0
chr5,173000001,174000000,5q,0.44308,0.982894682804844,0
chr5,174000001,175000000,5q,0.42813,0.980264271454576,435
chr5,175000001,176000000,5q,0.464382,0.832215910556346,0
chr5,176000001,177000000,5q,0.502719,0.982951494032779,0
chr5,177000001,178000000,5q,0.480254,0.803468339214441,0
chr5,178000001,179000000,5q,0.479307,0.965429891181125,0
chr5,179000001,180000000,5q,0.480096,0.96607622035117,29
chr6,1000001,2000000,6p,0.440935,0.980382625324113,0
chr6,2000001,3000000,6p,0.420921,0.974717662355486,0
chr6,3000001,4000000,6p,0.457806,0.97800172493166,0
chr6,4000001,5000000,6p,0.422383,0.973548128200121,120
chr6,5000001,6000000,6p,0.428351,0.976917938380535,26
chr6,6000001,7000000,6p,0.428226,0.960099202653601,0
chr6,7000001,8000000,6p,0.436801,0.982893421867528,0
chr6,8000001,9000000,6p,0.384748,0.976958818536166,0
chr6,9000001,10000000,6p,0.373612,0.965064572205111,0
chr6,10000001,11000000,6p,0.420439,0.981173479852484,0
chr6,11000001,12000000,6p,0.412739,0.984514579119862,0
chr6,12000001,13000000,6p,0.397482,0.982902297427714,0
chr6,13000001,14000000,6p,0.421373,0.988023998469738,0
chr6,14000001,15000000,6p,0.435144,0.984137544596486,0
chr6,15000001,16000000,6p,0.43178,0.98405197284874,73
chr6,16000001,17000000,6p,0.419661,0.976150709322895,63
chr6,17000001,18000000,6p,0.41618,0.982942416978389,0
chr6,18000001,19000000,6p,0.396659,0.977524221650078,0
chr6,19000001,20000000,6p,0.386174,0.957109986381107,0
chr6,20000001,21000000,6p,0.4016,0.984804896263929,0
chr6,21000001,22000000,6p,0.415449,0.980777497048931,0
chr6,22000001,23000000,6p,0.377035,0.975600457594834,296
chr6,23000001,24000000,6p,0.370515,0.961771549573467,168
chr6,24000001,25000000,6p,0.407472,0.973426816272759,0
chr6,25000001,26000000,6p,0.395658,0.987424195048383,0
chr6,26000001,27000000,6p,0.412402,0.818069233145083,214
chr6,27000001,28000000,6p,0.41126,0.97571374522073,0
chr6,28000001,29000000,6p,0.411647,0.97589979925022,62
chr6,29000001,30000000,6p,0.417439,0.963861279365994,547
chr6,30000001,31000000,6p,0.458628,0.968225556559509,0
chr6,31000001,32000000,6p,0.48603,0.944605811054254,222
chr6,32000001,33000000,6p,0.432804,0.964890495936715,0
chr6,33000001,34000000,6p,0.500252,0.981564774770969,0
chr6,34000001,35000000,6p,0.467644,0.981154971873363,132
chr6,35000001,36000000,6p,0.461007,0.979544031430574,0
chr6,36000001,37000000,6p,0.462681,0.989460175272831,79
chr6,37000001,38000000,6p,0.454058,0.987996961928896,202
chr6,38000001,39000000,6p,0.403542,0.984039828551591,29
chr6,39000001,40000000,6p,0.440421,0.978141153144242,0
chr6,40000001,41000000,6p,0.454441,0.990740374177713,0
chr6,41000001,42000000,6p,0.471241,0.983155153601067,73
chr6,42000001,43000000,6p,0.455606,0.980147025478227,0
chr6,43000001,44000000,6p,0.491317,0.987269520281247,0
chr6,44000001,45000000,6p,0.447062,0.95769543952293,0
chr6,45000001,46000000,6p,0.397425,0.97102770221147,0
chr6,46000001,47000000,6p,0.393013,0.974834890824434,96
chr6,47000001,48000000,6p,0.387593,0.975255031887627,0
chr6,48000001,49000000,6p,0.356084,0.968605418222566,0
chr6,49000001,50000000,6p,0.362522,0.964115734676234,0
chr6,50000001,51000000,6p,0.366714,0.970073216473164,126
chr6,51000001,52000000,6p,0.381115,0.95489036796438,25
chr6,52000001,53000000,6p,0.420187,0.964494486666892,0
chr6,53000001,54000000,6p,0.400676,0.978949164777925,0
chr6,54000001,55000000,6p,0.359679,0.966646840769658,127
chr6,55000001,56000000,6p,0.352586,0.966607984237166,0
chr6,56000001,57000000,6p,0.380724,0.971470956750074,0
chr6,57000001,58000000,6p,0.377562,0.868411100577817,299
chr6,62000001,63000000,6q,0.337291,0.940818121977875,49533
chr6,63000001,64000000,6q,0.360493,0.959183147787932,0
chr6,64000001,65000000,6q,0.375824,0.960294356183762,0
chr6,65000001,66000000,6q,0.346004,0.966516472155841,0
chr6,66000001,67000000,6q,0.347035,0.957609522715353,0
chr6,67000001,68000000,6q,0.342219,0.963537772456011,86
chr6,68000001,69000000,6q,0.346909,0.972519957186109,0
chr6,69000001,70000000,6q,0.351315,0.976334844306682,0
chr6,70000001,71000000,6q,0.366343,0.959248598578525,58
chr6,71000001,72000000,6q,0.385497,0.946495137577982,32
chr6,72000001,73000000,6q,0.364864,0.97208648447806,0
chr6,73000001,74000000,6q,0.376791,0.960221397321101,0
chr6,74000001,75000000,6q,0.404003,0.940925564608369,265
chr6,75000001,76000000,6q,0.365984,0.94404735102032,0
chr6,76000001,77000000,6q,0.380107,0.967511129452721,0
chr6,77000001,78000000,6q,0.361964,0.948260751293707,0
chr6,78000001,79000000,6q,0.364564,0.938832819420097,0
chr6,79000001,80000000,6q,0.36764,0.954154823319221,0
chr6,80000001,81000000,6q,0.378457,0.965113850886118,0
chr6,81000001,82000000,6q,0.358798,0.935493096863307,0
chr6,82000001,83000000,6q,0.370598,0.951090928271715,62
chr6,83000001,84000000,6q,0.378526,0.956695353526845,0
chr6,84000001,85000000,6q,0.380862,0.952005967518116,72
chr6,85000001,86000000,6q,0.381726,0.956010928290587,0
chr6,86000001,87000000,6q,0.393135,0.917577047726814,0
chr6,87000001,88000000,6q,0.38559,0.933111907422649,0
chr6,88000001,89000000,6q,0.396226,0.977626237032465,0
chr6,89000001,90000000,6q,0.398254,0.951826585718465,0
chr6,90000001,91000000,6q,0.417389,0.980806138419887,0
chr6,91000001,92000000,6q,0.38514,0.980585351215567,0
chr6,92000001,93000000,6q,0.354395,0.980003256248485,0
chr6,93000001,94000000,6q,0.351422,0.975695512983577,0
chr6,94000001,95000000,6q,0.344654,0.971030351704564,0
chr6,95000001,96000000,6q,0.295302,0.952802959275876,0
chr6,96000001,97000000,6q,0.357123,0.966882986070524,0
chr6,97000001,98000000,6q,0.372279,0.980112021746409,0
chr6,98000001,99000000,6q,0.355576,0.96491964351489,0
chr6,99000001,100000000,6q,0.389845,0.969662173791786,27
chr6,100000001,101000000,6q,0.380814,0.950903880466111,70
chr6,101000001,102000000,6q,0.356474,0.966823430091233,0
chr6,102000001,103000000,6q,0.34017,0.968218873191799,0
chr6,103000001,104000000,6q,0.344119,0.966317967141604,0
chr6,104000001,105000000,6q,0.361426,0.955686907483462,26
chr6,105000001,106000000,6q,0.390545,0.96838578608926,122
chr6,106000001,107000000,6q,0.3998,0.979148562809529,0
chr6,107000001,108000000,6q,0.420206,0.978594975733878,0
chr6,108000001,109000000,6q,0.419697,0.967917487666536,0
chr6,109000001,110000000,6q,0.409656,0.958542117756988,0
chr6,110000001,111000000,6q,0.407914,0.968084710071847,0
chr6,111000001,112000000,6q,0.410312,0.97883190004665,0
chr6,112000001,113000000,6q,0.394842,0.973035009326588,0
chr6,113000001,114000000,6q,0.366713,0.959928488813268,0
chr6,114000001,115000000,6q,0.379424,0.983507466938793,325
chr6,115000001,116000000,6q,0.35639,0.938667029975942,0
chr6,116000001,117000000,6q,0.37607,0.967679578946456,0
chr6,117000001,118000000,6q,0.377941,0.956198647985003,357
chr6,118000001,119000000,6q,0.384042,0.96395102533326,0
chr6,119000001,120000000,6q,0.387763,0.981663616562453,0
chr6,120000001,121000000,6q,0.351337,0.968727407709168,447
chr6,121000001,122000000,6q,0.367503,0.944157381289451,0
chr6,122000001,123000000,6q,0.36537,0.975669128165307,0
chr6,123000001,124000000,6q,0.362958,0.96692409505593,0
chr6,124000001,125000000,6q,0.36013,0.980476890681905,59
chr6,125000001,126000000,6q,0.385448,0.957151515623553,0
chr6,126000001,127000000,6q,0.37301,0.964465934098748,0
chr6,127000001,128000000,6q,0.368348,0.967281742627673,0
chr6,128000001,129000000,6q,0.357192,0.984371047140405,0
chr6,129000001,130000000,6q,0.364221,0.963078071988752,0
chr6,130000001,131000000,6q,0.383888,0.974994071387379,0
chr6,131000001,132000000,6q,0.390079,0.966694168038536,0
chr6,132000001,133000000,6q,0.377277,0.975696636688932,0
chr6,133000001,134000000,6q,0.379165,0.964463872230884,222
chr6,134000001,135000000,6q,0.400056,0.988172719031236,267
chr6,135000001,136000000,6q,0.388962,0.985849190012178,0
chr6,136000001,137000000,6q,0.388223,0.972070906989142,0
chr6,137000001,138000000,6q,0.399312,0.986300459049871,238
chr6,138000001,139000000,6q,0.409663,0.980454313379949,0
chr6,139000001,140000000,6q,0.40647,0.976083135982266,0
chr6,140000001,141000000,6q,0.362747,0.982953667968296,0
chr6,141000001,142000000,6q,0.349458,0.973333864830788,70
chr6,142000001,143000000,6q,0.36892,0.955986331591165,0
chr6,143000001,144000000,6q,0.393963,0.984296088971669,0
chr6,144000001,145000000,6q,0.395567,0.984979798071137,257
chr6,145000001,146000000,6q,0.378624,0.974034907875833,0
chr6,146000001,147000000,6q,0.369733,0.967203900400535,0
chr6,147000001,148000000,6q,0.374976,0.989376424820857,0
chr6,148000001,149000000,6q,0.407263,0.973043913717401,0
chr6,149000001,150000000,6q,0.412858,0.987451237648066,0
chr6,150000001,151000000,6q,0.441372,0.974922428062429,128
chr6,151000001,152000000,6q,0.428221,0.982236129271129,0
chr6,152000001,153000000,6q,0.389394,0.976527541384274,276
chr6,153000001,154000000,6q,0.3671,0.978503951471784,0
chr6,154000001,155000000,6q,0.395155,0.983254799311851,0
chr6,155000001,156000000,6q,0.406449,0.988478632926368,0
chr6,156000001,157000000,6q,0.394932,0.962998215830686,0
chr6,157000001,158000000,6q,0.385582,0.9932805821715,27
chr6,158000001,159000000,6q,0.445329,0.977960385664812,0
chr6,159000001,160000000,6q,0.437878,0.978106212046122,0
chr6,160000001,161000000,6q,0.431526,0.96357866849212,0
chr6,161000001,162000000,6q,0.417514,0.945507538455385,0
chr6,162000001,163000000,6q,0.401622,0.988179577236246,0
chr6,163000001,164000000,6q,0.394638,0.983362583302993,0
chr6,164000001,165000000,6q,0.40937,0.983563876267906,0
chr6,165000001,166000000,6q,0.380837,0.958798227596142,0
chr6,166000001,167000000,6q,0.440663,0.983845211946585,0
chr6,167000001,168000000,6q,0.43262,0.942752543517398,0
chr6,168000001,169000000,6q,0.453036,0.977817063305623,0
chr6,169000001,170000000,6q,0.44,0.969559284270855,2176
chr6,170000001,171000000,6q,0.441328,0.902775969813088,116
chr7,1000001,2000000,7p,0.564585,0.971335095448722,323
chr7,2000001,3000000,7p,0.531666,0.97178102294242,0
chr7,3000001,4000000,7p,0.423295,0.983665871202502,90
chr7,4000001,5000000,7p,0.483905,0.964027722538852,0
chr7,5000001,6000000,7p,0.498655,0.922595261148183,0
chr7,6000001,7000000,7p,0.479255,0.891453967567467,0
chr7,7000001,8000000,7p,0.3862,0.953049445875052,0
chr7,8000001,9000000,7p,0.376528,0.972786087861684,0
chr7,9000001,10000000,7p,0.348824,0.966562505065915,0
chr7,10000001,11000000,7p,0.363813,0.966197734056434,0
chr7,11000001,12000000,7p,0.357327,0.988188607743886,0
chr7,12000001,13000000,7p,0.368359,0.972946403667592,0
chr7,13000001,14000000,7p,0.35714,0.968915866503147,0
chr7,14000001,15000000,7p,0.352807,0.967166409832323,0
chr7,15000001,16000000,7p,0.355406,0.980443548016269,0
chr7,16000001,17000000,7p,0.375502,0.978250171172337,0
chr7,17000001,18000000,7p,0.370103,0.977116238328519,0
chr7,18000001,19000000,7p,0.363722,0.986599166326299,0
chr7,19000001,20000000,7p,0.363115,0.948182670126941,0
chr7,20000001,21000000,7p,0.375346,0.973981309570767,0
chr7,21000001,22000000,7p,0.389561,0.98292292305004,0
chr7,22000001,23000000,7p,0.410234,0.961788757100319,0
chr7,23000001,24000000,7p,0.406224,0.95712590737015,0
chr7,24000001,25000000,7p,0.399919,0.973975428521926,0
chr7,25000001,26000000,7p,0.410669,0.967359026766653,0
chr7,26000001,27000000,7p,0.410249,0.975335670292744,0
chr7,27000001,28000000,7p,0.419847,0.974747317549381,124
chr7,28000001,29000000,7p,0.407156,0.987141221156191,0
chr7,29000001,30000000,7p,0.414991,0.957532420413932,0
chr7,30000001,31000000,7p,0.437985,0.965136853637078,0
chr7,31000001,32000000,7p,0.410523,0.974891354876419,0
chr7,32000001,33000000,7p,0.410955,0.908866447898115,0
chr7,33000001,34000000,7p,0.395805,0.96128311545379,104
chr7,34000001,35000000,7p,0.394526,0.935712016590965,0
chr7,35000001,36000000,7p,0.397719,0.892022741957871,0
chr7,36000001,37000000,7p,0.424924,0.975403103078465,97
chr7,37000001,38000000,7p,0.400757,0.970464887627182,0
chr7,38000001,39000000,7p,0.389883,0.976515433574846,0
chr7,39000001,40000000,7p,0.404812,0.954460617039986,28
chr7,40000001,41000000,7p,0.388502,0.969873571687151,0
chr7,41000001,42000000,7p,0.398134,0.995890955968823,0
chr7,42000001,43000000,7p,0.40007,0.978999196781679,0
chr7,43000001,44000000,7p,0.419911,0.974750149399756,175
chr7,44000001,45000000,7p,0.487361,0.942161583179402,0
chr7,45000001,46000000,7p,0.451644,0.915944041238689,177
chr7,46000001,47000000,7p,0.391571,0.982219566677435,0
chr7,47000001,48000000,7p,0.44904,0.984642968846892,0
chr7,48000001,49000000,7p,0.391921,0.964733311383329,102
chr7,49000001,50000000,7p,0.373113,0.970368009853677,0
chr7,50000001,51000000,7p,0.402831,0.977048503615493,0
chr7,51000001,52000000,7p,0.420717,0.948626843529264,0
chr7,52000001,53000000,7p,0.372423,0.983769298429426,0
chr7,53000001,54000000,7p,0.363609,0.977033359925398,0
chr7,54000001,55000000,7p,0.379616,0.955973521488286,0
chr7,55000001,56000000,7p,0.439431,0.934335779906661,0
chr7,56000001,57000000,7p,0.443442,0.831871207184848,17066
chr7,57000001,58000000,7p,0.428067,0.794879412018437,89478
chr7,62000001,63000000,7q,0.39313,0.812167272854237,390674
chr7,63000001,64000000,7q,0.430746,0.830296437862207,64001
chr7,64000001,65000000,7q,0.415521,0.848257951320728,51097
chr7,65000001,66000000,7q,0.435245,0.833725209963209,0
chr7,66000001,67000000,7q,0.44979,0.888959909823076,0
chr7,67000001,68000000,7q,0.436247,0.98950579967809,49
chr7,68000001,69000000,7q,0.436512,0.987725835739393,418
chr7,69000001,70000000,7q,0.403178,0.988219160735129,0
chr7,70000001,71000000,7q,0.442396,0.988998136071114,0
chr7,71000001,72000000,7q,0.437062,0.980606442356375,0
chr7,72000001,73000000,7q,0.463786,0.680106953284216,0
chr7,73000001,74000000,7q,0.513368,0.979272461953693,0
chr7,74000001,75000000,7q,0.458419,0.46294471206962,53
chr7,75000001,76000000,7q,0.48891,0.900653489255436,0
chr7,76000001,77000000,7q,0.421468,0.668221813074076,0
chr7,77000001,78000000,7q,0.396785,0.982420493299972,0
chr7,78000001,79000000,7q,0.361013,0.974676990947517,107
chr7,79000001,80000000,7q,0.35751,0.980560332481367,0
chr7,80000001,81000000,7q,0.365275,0.979020909095677,310
chr7,81000001,82000000,7q,0.350326,0.985516255010699,0
chr7,82000001,83000000,7q,0.355305,0.97273571412675,0
chr7,83000001,84000000,7q,0.347806,0.95736426259164,0
chr7,84000001,85000000,7q,0.345345,0.968143750966527,0
chr7,85000001,86000000,7q,0.345574,0.971764043985608,0
chr7,86000001,87000000,7q,0.373535,0.957707093451406,0
chr7,87000001,88000000,7q,0.371812,0.964599241054423,0
chr7,88000001,89000000,7q,0.355541,0.970353642971997,0
chr7,89000001,90000000,7q,0.36523,0.936477842733354,0
chr7,90000001,91000000,7q,0.383464,0.962885141509157,0
chr7,91000001,92000000,7q,0.382184,0.940686856773577,0
chr7,92000001,93000000,7q,0.383125,0.968487855422927,36
chr7,93000001,94000000,7q,0.365561,0.966171808165807,0
chr7,94000001,95000000,7q,0.370529,0.979780212684012,84
chr7,95000001,96000000,7q,0.386334,0.973019283756226,0
chr7,96000001,97000000,7q,0.390218,0.960090527454524,0
chr7,97000001,98000000,7q,0.429174,0.914632069591448,0
chr7,98000001,99000000,7q,0.470761,0.987336640440827,0
chr7,99000001,100000000,7q,0.466104,0.921690116844087,348
chr7,100000001,101000000,7q,0.492973,0.967621193892804,0
chr7,101000001,102000000,7q,0.495869,0.950828791538325,112
chr7,102000001,103000000,7q,0.436359,0.738395382403816,0
chr7,103000001,104000000,7q,0.381251,0.960939363212223,0
chr7,104000001,105000000,7q,0.402972,0.95552698411434,535
chr7,105000001,106000000,7q,0.434341,0.971576550229963,0
chr7,106000001,107000000,7q,0.396598,0.97110645661823,0
chr7,107000001,108000000,7q,0.393187,0.977909933290176,0
chr7,108000001,109000000,7q,0.372227,0.970728017025721,0
chr7,109000001,110000000,7q,0.353958,0.951825852237069,0
chr7,110000001,111000000,7q,0.362905,0.963604270349652,0
chr7,111000001,112000000,7q,0.385577,0.968442692893799,40
chr7,112000001,113000000,7q,0.377145,0.96197153369518,0
chr7,113000001,114000000,7q,0.359299,0.952869955416293,0
chr7,114000001,115000000,7q,0.357365,0.974128608806496,0
chr7,115000001,116000000,7q,0.35563,0.983591884150592,0
chr7,116000001,117000000,7q,0.393223,0.972144768156136,0
chr7,117000001,118000000,7q,0.371908,0.978838276235439,0
chr7,118000001,119000000,7q,0.345436,0.981698124770914,0
chr7,119000001,120000000,7q,0.347389,0.964089480642079,0
chr7,120000001,121000000,7q,0.363753,0.978317104821005,0
chr7,121000001,122000000,7q,0.371001,0.972341987787648,0
chr7,122000001,123000000,7q,0.365744,0.973546316635397,0
chr7,123000001,124000000,7q,0.37129,0.962924130648106,0
chr7,124000001,125000000,7q,0.360771,0.968202181749378,0
chr7,125000001,126000000,7q,0.348595,0.977879264259519,0
chr7,126000001,127000000,7q,0.374596,0.963194908072602,0
chr7,127000001,128000000,7q,0.433386,0.978583085467033,0
chr7,128000001,129000000,7q,0.455184,0.925706838957607,92
chr7,129000001,130000000,7q,0.440068,0.983388602019207,0
chr7,130000001,131000000,7q,0.374248,0.977662967459178,0
chr7,131000001,132000000,7q,0.443036,0.986178065250195,37
chr7,132000001,133000000,7q,0.426644,0.983312594422269,0
chr7,133000001,134000000,7q,0.387036,0.981304873380042,0
chr7,134000001,135000000,7q,0.415175,0.983318047380989,125
chr7,135000001,136000000,7q,0.403823,0.982288913450559,107
chr7,136000001,137000000,7q,0.366849,0.955308163528258,0
chr7,137000001,138000000,7q,0.401497,0.982736250940834,43
chr7,138000001,139000000,7q,0.424241,0.973244143506849,0
chr7,139000001,140000000,7q,0.436218,0.98286635865584,0
chr7,140000001,141000000,7q,0.433619,0.958477893870903,0
chr7,141000001,142000000,7q,0.406872,0.968619904019053,4068
chr7,142000001,143000000,7q,0.381369,0.974581681353683,2493
chr7,143000001,144000000,7q,0.386886,0.755023936031451,113
chr7,144000001,145000000,7q,0.382576,0.937676839835563,0
chr7,145000001,146000000,7q,0.359183,0.953803541101665,0
chr7,146000001,147000000,7q,0.359222,0.969372508924601,0
chr7,147000001,148000000,7q,0.387061,0.976221790676057,0
chr7,148000001,149000000,7q,0.444536,0.973089899977895,0
chr7,149000001,150000000,7q,0.453837,0.833845050803161,0
chr7,150000001,151000000,7q,0.480646,0.96269639330678,0
chr7,151000001,152000000,7q,0.45204,0.967009862315074,0
chr7,152000001,153000000,7q,0.437328,0.937972241292103,0
chr7,153000001,154000000,7q,0.420843,0.863409479777422,0
chr7,154000001,155000000,7q,0.397097,0.985762604341044,0
chr7,155000001,156000000,7q,0.486091,0.984270967651343,0
chr7,156000001,157000000,7q,0.435368,0.975649008640151,0
chr7,157000001,158000000,7q,0.508016,0.963981373406376,157
chr7,158000001,159000000,7q,0.479412,0.962751962207408,917
chr8,1000001,2000000,8p,0.482049,0.944471646665873,0
chr8,2000001,3000000,8p,0.413784,0.960177619331304,0
chr8,3000001,4000000,8p,0.38848,0.974904141205136,0
chr8,4000001,5000000,8p,0.378365,0.988275369077642,0
chr8,5000001,6000000,8p,0.382226,0.976765150742112,0
chr8,6000001,7000000,8p,0.436256,0.927192623027729,31
chr8,7000001,8000000,8p,0.431778,0.355201350128213,0
chr8,8000001,9000000,8p,0.430499,0.929757116870449,0
chr8,9000001,10000000,8p,0.41766,0.974051237311552,0
chr8,10000001,11000000,8p,0.460135,0.982236270008845,0
chr8,11000001,12000000,8p,0.451971,0.913220979082327,0
chr8,12000001,13000000,8p,0.409135,0.70107884339048,0
chr8,13000001,14000000,8p,0.369461,0.981229629145991,0
chr8,14000001,15000000,8p,0.352798,0.97612728753855,0
chr8,15000001,16000000,8p,0.37246,0.975213416232713,0
chr8,16000001,17000000,8p,0.362917,0.970531232115589,50
chr8,17000001,18000000,8p,0.397,0.991612926979556,178
chr8,18000001,19000000,8p,0.397637,0.986058803427633,0
chr8,19000001,20000000,8p,0.414201,0.982952581387331,578
chr8,20000001,21000000,8p,0.437823,0.989492143937968,0
chr8,21000001,22000000,8p,0.466288,0.985424575112942,335
chr8,22000001,23000000,8p,0.479567,0.990596408374259,0
chr8,23000001,24000000,8p,0.43029,0.97798413127539,0
chr8,24000001,25000000,8p,0.384116,0.971244342995271,0
chr8,25000001,26000000,8p,0.415577,0.976317926200436,0
chr8,26000001,27000000,8p,0.416279,0.973360481421457,0
chr8,27000001,28000000,8p,0.447824,0.988611578941953,0
chr8,28000001,29000000,8p,0.421745,0.982438494279217,0
chr8,29000001,30000000,8p,0.425658,0.983181847596208,37
chr8,30000001,31000000,8p,0.411886,0.984588185416976,0
chr8,31000001,32000000,8p,0.380144,0.963900370737828,0
chr8,32000001,33000000,8p,0.382263,0.986132999733202,174
chr8,33000001,34000000,8p,0.411254,0.968517526891474,0
chr8,34000001,35000000,8p,0.372326,0.976512956203517,0
chr8,35000001,36000000,8p,0.384686,0.97568666538407,0
chr8,36000001,37000000,8p,0.386365,0.967346211043797,0
chr8,37000001,38000000,8p,0.458611,0.984257816336309,0
chr8,38000001,39000000,8p,0.433692,0.985327364764032,0
chr8,39000001,40000000,8p,0.370386,0.972237993888798,0
chr8,40000001,41000000,8p,0.410121,0.972461923349772,0
chr8,41000001,42000000,8p,0.452072,0.982717408502723,0
chr8,42000001,43000000,8p,0.440599,0.976030941859154,0
chr8,47000001,48000000,8q,0.440969,0.948385428921593,257532
chr8,48000001,49000000,8q,0.4149,0.945688868412145,702
chr8,49000001,50000000,8q,0.425154,0.959470995382755,77
chr8,50000001,51000000,8q,0.366729,0.976927445317705,0
chr8,51000001,52000000,8q,0.356184,0.959539278753216,83
chr8,52000001,53000000,8q,0.384129,0.967733213449458,0
chr8,53000001,54000000,8q,0.398031,0.984105063784212,0
chr8,54000001,55000000,8q,0.403472,0.958406231433697,0
chr8,55000001,56000000,8q,0.401818,0.97166095715257,42
chr8,56000001,57000000,8q,0.410542,0.970852630583085,692
chr8,57000001,58000000,8q,0.393959,0.958533937098011,0
chr8,58000001,59000000,8q,0.393204,0.972713078148981,0
chr8,59000001,60000000,8q,0.385616,0.970399032607955,0
chr8,60000001,61000000,8q,0.364776,0.961991658997849,0
chr8,61000001,62000000,8q,0.408426,0.976828953029667,0
chr8,62000001,63000000,8q,0.38674,0.95861585503532,0
chr8,63000001,64000000,8q,0.375814,0.972497505827193,216
chr8,64000001,65000000,8q,0.375306,0.968656949694599,0
chr8,65000001,66000000,8q,0.373831,0.964824841871818,0
chr8,66000001,67000000,8q,0.397007,0.969739046998187,0
chr8,67000001,68000000,8q,0.407781,0.976190341341427,0
chr8,68000001,69000000,8q,0.391188,0.968109206047733,0
chr8,69000001,70000000,8q,0.368984,0.958671860436402,482
chr8,70000001,71000000,8q,0.404191,0.961473845069103,372
chr8,71000001,72000000,8q,0.387135,0.961306346555768,0
chr8,72000001,73000000,8q,0.380404,0.965386534415622,0
chr8,73000001,74000000,8q,0.388201,0.960311750877269,0
chr8,74000001,75000000,8q,0.406028,0.977985603291783,0
chr8,75000001,76000000,8q,0.379918,0.958040209666852,0
chr8,76000001,77000000,8q,0.354736,0.963665863242143,39
chr8,77000001,78000000,8q,0.356865,0.97370941354559,108
chr8,78000001,79000000,8q,0.34382,0.967981989587317,0
chr8,79000001,80000000,8q,0.354566,0.978035197352491,0
chr8,80000001,81000000,8q,0.384484,0.96642103203449,0
chr8,81000001,82000000,8q,0.413058,0.973797223544634,71
chr8,82000001,83000000,8q,0.378088,0.970002067245872,0
chr8,83000001,84000000,8q,0.344637,0.9798056453257,0
chr8,84000001,85000000,8q,0.352918,0.957659406856361,0
chr8,85000001,86000000,8q,0.356096,0.950479874512616,0
chr8,86000001,87000000,8q,0.337241,0.844588518126536,0
chr8,87000001,88000000,8q,0.378901,0.977591406739456,0
chr8,88000001,89000000,8q,0.358107,0.945998572574388,0
chr8,89000001,90000000,8q,0.354293,0.959322521453919,0
chr8,90000001,91000000,8q,0.367835,0.943306655014952,0
chr8,91000001,92000000,8q,0.376246,0.970949053231679,0
chr8,92000001,93000000,8q,0.370829,0.943015310280182,0
chr8,93000001,94000000,8q,0.369025,0.976573030804403,0
chr8,94000001,95000000,8q,0.395767,0.972578290761313,0
chr8,95000001,96000000,8q,0.410228,0.978874643610411,0
chr8,96000001,97000000,8q,0.402846,0.963134042572872,0
chr8,97000001,98000000,8q,0.402982,0.973464288272597,86
chr8,98000001,99000000,8q,0.42058,0.959159377376725,205
chr8,99000001,100000000,8q,0.40553,0.952072525138314,0
chr8,100000001,101000000,8q,0.370336,0.948841449425198,0
chr8,101000001,102000000,8q,0.416424,0.973627886518764,0
chr8,102000001,103000000,8q,0.421198,0.97286650817777,143
chr8,103000001,104000000,8q,0.427087,0.976239505210706,47
chr8,104000001,105000000,8q,0.381895,0.970239108386046,0
chr8,105000001,106000000,8q,0.380374,0.972661791541545,0
chr8,106000001,107000000,8q,0.361923,0.978482970053462,0
chr8,107000001,108000000,8q,0.372479,0.978577316409491,41
chr8,108000001,109000000,8q,0.372584,0.970835559574115,0
chr8,109000001,110000000,8q,0.372554,0.965012539261107,71
chr8,110000001,111000000,8q,0.369905,0.972432570185281,0
chr8,111000001,112000000,8q,0.345125,0.975934589220692,0
chr8,112000001,113000000,8q,0.345278,0.983188421101936,0
chr8,113000001,114000000,8q,0.342749,0.976272313583,0
chr8,114000001,115000000,8q,0.342913,0.971870264193871,0
chr8,115000001,116000000,8q,0.345029,0.948055610616428,0
chr8,116000001,117000000,8q,0.361208,0.977366000543362,0
chr8,117000001,118000000,8q,0.388034,0.980712305865293,44
chr8,118000001,119000000,8q,0.390468,0.978553626113033,0
chr8,119000001,120000000,8q,0.393484,0.974510432665303,0
chr8,120000001,121000000,8q,0.393674,0.95397850354903,0
chr8,121000001,122000000,8q,0.388822,0.97265846804771,0
chr8,122000001,123000000,8q,0.378378,0.966057140195368,0
chr8,123000001,124000000,8q,0.405881,0.976204879230662,0
chr8,124000001,125000000,8q,0.425007,0.984318403996174,0
chr8,125000001,126000000,8q,0.425376,0.984779429106432,0
chr8,126000001,127000000,8q,0.418988,0.981026741854753,0
chr8,127000001,128000000,8q,0.395907,0.963967835093113,0
chr8,128000001,129000000,8q,0.421208,0.970201683542497,90
chr8,129000001,130000000,8q,0.400094,0.949951355825883,0
chr8,130000001,131000000,8q,0.392105,0.976611556557743,0
chr8,131000001,132000000,8q,0.423362,0.991958540216034,0
chr8,132000001,133000000,8q,0.384515,0.946211686121418,0
chr8,133000001,134000000,8q,0.419007,0.983227456216647,100
chr8,134000001,135000000,8q,0.456271,0.988320372287656,0
chr8,135000001,136000000,8q,0.422466,0.976852798998355,647
chr8,136000001,137000000,8q,0.416803,0.966001621484104,72
chr8,137000001,138000000,8q,0.37652,0.974087666732703,0
chr8,138000001,139000000,8q,0.378074,0.971731349149459,0
chr8,139000001,140000000,8q,0.435404,0.965281948193294,0
chr8,140000001,141000000,8q,0.460679,0.989968047441711,112
chr8,141000001,142000000,8q,0.44362,0.979047008983663,0
chr8,142000001,143000000,8q,0.510219,0.963769809233886,0
chr8,143000001,144000000,8q,0.549232,0.981440873540843,0
chr8,144000001,145000000,8q,0.555879,0.977787326400935,0
chr8,145000001,146000000,8q,0.507179,0.900791811615317,0
chr9,1000001,2000000,9p,0.397077,0.95037069647113,267
chr9,2000001,3000000,9p,0.401667,0.983285867432471,0
chr9,3000001,4000000,9p,0.37735,0.974954054787471,0
chr9,4000001,5000000,9p,0.408558,0.964586863474559,360
chr9,5000001,6000000,9p,0.387348,0.960408376846842,0
chr9,6000001,7000000,9p,0.411704,0.951249133653608,0
chr9,7000001,8000000,9p,0.394308,0.980427674961369,67
chr9,8000001,9000000,9p,0.374225,0.978965935635563,0
chr9,9000001,10000000,9p,0.350891,0.97476505656729,0
chr9,10000001,11000000,9p,0.351465,0.964522209716887,0
chr9,11000001,12000000,9p,0.349134,0.969773043324466,0
chr9,12000001,13000000,9p,0.355045,0.974588377004679,0
chr9,13000001,14000000,9p,0.375845,0.972996760099793,0
chr9,14000001,15000000,9p,0.387853,0.977286206905425,0
chr9,15000001,16000000,9p,0.387437,0.945804401903287,0
chr9,16000001,17000000,9p,0.412765,0.984226049820789,0
chr9,17000001,18000000,9p,0.38063,0.954437217120647,124
chr9,18000001,19000000,9p,0.390298,0.966380637697546,0
chr9,19000001,20000000,9p,0.406441,0.961825906349184,204
chr9,20000001,21000000,9p,0.379781,0.965481766333646,176
chr9,21000001,22000000,9p,0.382282,0.955184090273981,0
chr9,22000001,23000000,9p,0.366835,0.952912779104244,0
chr9,23000001,24000000,9p,0.371766,0.97645083179599,0
chr9,24000001,25000000,9p,0.357293,0.955015873681706,0
chr9,25000001,26000000,9p,0.355235,0.970028846191321,0
chr9,26000001,27000000,9p,0.374853,0.971419972171121,113
chr9,27000001,28000000,9p,0.395365,0.976248616663112,0
chr9,28000001,29000000,9p,0.359616,0.955891799140659,64
chr9,29000001,30000000,9p,0.351288,0.977255157685878,0
chr9,30000001,31000000,9p,0.345528,0.96298041874386,0
chr9,31000001,32000000,9p,0.358242,0.955282154175927,0
chr9,32000001,33000000,9p,0.398112,0.948165319582881,229
chr9,33000001,34000000,9p,0.438031,0.934844231904428,2594
chr9,34000001,35000000,9p,0.459685,0.958171957329559,0
chr9,35000001,36000000,9p,0.447696,0.976977938059019,0
chr9,36000001,37000000,9p,0.447815,0.983993141973499,0
chr9,37000001,38000000,9p,0.431146,0.98622839212773,0
chr9,38000001,39000000,9p,0.440124,0.804824461893051,0
chr9,39000001,40000000,9p,0.364461,0.292331459946151,0
chr9,40000001,41000000,9p,0.326401,0.287555196866852,0
chr9,41000001,42000000,9p,0.362124,0.245901498007481,0
chr9,42000001,43000000,9p,0.360517,0.228138718477079,12293
chr9,43000001,44000000,9p,0.336471,0.308192106701037,0
chr9,44000001,45000000,9p,0.373017,0.368024726772759,14735
chr9,45000001,46000000,9p,0.334788,0.243045763877278,1106
chr9,46000001,47000000,9p,0.341289,0.237518074968824,839
chr9,51000001,52000000,9q,0,0,0
chr9,52000001,53000000,9q,0,0,0
chr9,53000001,54000000,9q,0,0,0
chr9,54000001,55000000,9q,0,0,0
chr9,55000001,56000000,9q,0,0,0
chr9,56000001,57000000,9q,0,0,0
chr9,57000001,58000000,9q,0,0,0
chr9,58000001,59000000,9q,0,0,0
chr9,59000001,60000000,9q,0,0,0
chr9,60000001,61000000,9q,0,0,0
chr9,61000001,62000000,9q,0,0,0
chr9,62000001,63000000,9q,0,0,0
chr9,63000001,64000000,9q,0,0,0
chr9,64000001,65000000,9q,0,0,0
chr9,65000001,66000000,9q,0.193484,0.26213293793945,0
chr9,66000001,67000000,9q,0.313687,0.35898705458764,109084
chr9,67000001,68000000,9q,0.301078,0.244895894015783,11459
chr9,68000001,69000000,9q,0.215794,0.415083029985,1117
chr9,69000001,70000000,9q,0.368835,0.314011615982442,84756
chr9,70000001,71000000,9q,0.273036,0.238680801923102,29539
chr9,71000001,72000000,9q,0.415192,0.971272146508232,0
chr9,72000001,73000000,9q,0.398527,0.948126339036966,473
chr9,73000001,74000000,9q,0.389227,0.967824458488529,0
chr9,74000001,75000000,9q,0.398705,0.980274410592811,0
chr9,75000001,76000000,9q,0.377314,0.982554346552117,0
chr9,76000001,77000000,9q,0.353965,0.978647987370949,0
chr9,77000001,78000000,9q,0.389727,0.972486483958751,0
chr9,78000001,79000000,9q,0.395128,0.975336182664153,143
chr9,79000001,80000000,9q,0.403763,0.976639324251777,364
chr9,80000001,81000000,9q,0.406032,0.962653443128026,0
chr9,81000001,82000000,9q,0.387822,0.97119698787889,0
chr9,82000001,83000000,9q,0.385071,0.963912187969327,0
chr9,83000001,84000000,9q,0.368309,0.955294922018901,0
chr9,84000001,85000000,9q,0.405394,0.961110449651444,86
chr9,85000001,86000000,9q,0.391596,0.959100084541883,0
chr9,86000001,87000000,9q,0.407979,0.954106766638083,0
chr9,87000001,88000000,9q,0.409252,0.978606348298631,0
chr9,88000001,89000000,9q,0.404551,0.934674770373306,0
chr9,89000001,90000000,9q,0.408909,0.97642841175553,0
chr9,90000001,91000000,9q,0.445359,0.938421529201315,0
chr9,91000001,92000000,9q,0.428903,0.979212842935605,0
chr9,92000001,93000000,9q,0.346476,0.968695426364175,367
chr9,93000001,94000000,9q,0.418837,0.972520419884788,0
chr9,94000001,95000000,9q,0.430734,0.964918718527349,0
chr9,95000001,96000000,9q,0.454125,0.966158724330651,0
chr9,96000001,97000000,9q,0.450539,0.960332615688284,0
chr9,97000001,98000000,9q,0.431745,0.927977327869356,0
chr9,98000001,99000000,9q,0.436308,0.980656503836676,0
chr9,99000001,100000000,9q,0.424518,0.898625297806443,0
chr9,100000001,101000000,9q,0.442479,0.97615212220702,0
chr9,101000001,102000000,9q,0.452746,0.984011693899877,0
chr9,102000001,103000000,9q,0.396916,0.972936669847235,0
chr9,103000001,104000000,9q,0.391287,0.951734166460975,0
chr9,104000001,105000000,9q,0.375972,0.962277190837898,0
chr9,105000001,106000000,9q,0.348558,0.97221640971431,0
chr9,106000001,107000000,9q,0.356988,0.95654553795514,320
chr9,107000001,108000000,9q,0.39883,0.98295103047618,75
chr9,108000001,109000000,9q,0.390168,0.946105369540787,0
chr9,109000001,110000000,9q,0.395498,0.976370472790365,0
chr9,110000001,111000000,9q,0.430849,0.979267155791897,1029
chr9,111000001,112000000,9q,0.409504,0.978514198564642,0
chr9,112000001,113000000,9q,0.430493,0.977112682718922,0
chr9,113000001,114000000,9q,0.38229,0.964022622173413,186
chr9,114000001,115000000,9q,0.408759,0.981571865530411,0
chr9,115000001,116000000,9q,0.419511,0.95139653926813,0
chr9,116000001,117000000,9q,0.465522,0.986052950973829,0
chr9,117000001,118000000,9q,0.444102,0.985229625788006,0
chr9,118000001,119000000,9q,0.385253,0.970967820562269,0
chr9,119000001,120000000,9q,0.417077,0.977341786967829,105
chr9,120000001,121000000,9q,0.390532,0.988869830220833,0
chr9,121000001,122000000,9q,0.376521,0.973223878987664,0
chr9,122000001,123000000,9q,0.413746,0.975626315395278,0
chr9,123000001,124000000,9q,0.42197,0.976935352715714,0
chr9,124000001,125000000,9q,0.473568,0.98349555283627,0
chr9,125000001,126000000,9q,0.40563,0.963219773611801,0
chr9,126000001,127000000,9q,0.448863,0.982931593468523,76
chr9,127000001,128000000,9q,0.456642,0.982914293107684,0
chr9,128000001,129000000,9q,0.435945,0.981877296278423,0
chr9,129000001,130000000,9q,0.472691,0.98551570310074,0
chr9,130000001,131000000,9q,0.508397,0.987849397023975,0
chr9,131000001,132000000,9q,0.514121,0.978578184929996,62
chr9,132000001,133000000,9q,0.507217,0.988175577968394,0
chr9,133000001,134000000,9q,0.43451,0.986244137229871,0
chr9,134000001,135000000,9q,0.47771,0.980996653069112,0
chr9,135000001,136000000,9q,0.482571,0.982184436749715,0
chr9,136000001,137000000,9q,0.545021,0.97619247188009,0
chr9,137000001,138000000,9q,0.520108,0.983930255466271,0
chr9,138000001,139000000,9q,0.53824,0.97527031495061,321
chr9,139000001,140000000,9q,0.560782,0.986008581387424,0
chr9,140000001,141000000,9q,0.539804,0.968313936830043,188
chr10,1000001,2000000,10p,0.45989,0.962751076143167,0
chr10,2000001,3000000,10p,0.403145,0.988722759220692,0
chr10,3000001,4000000,10p,0.443757,0.988294805946859,0
chr10,4000001,5000000,10p,0.389825,0.98661585665771,0
chr10,5000001,6000000,10p,0.433536,0.948410568048827,127
chr10,6000001,7000000,10p,0.436184,0.95494919159034,0
chr10,7000001,8000000,10p,0.425084,0.980529265405171,310
chr10,8000001,9000000,10p,0.400424,0.99078089197577,0
chr10,9000001,10000000,10p,0.362273,0.978338825604419,81
chr10,10000001,11000000,10p,0.389249,0.970099209104731,0
chr10,11000001,12000000,10p,0.438073,0.98360813040497,0
chr10,12000001,13000000,10p,0.44923,0.978646094210657,0
chr10,13000001,14000000,10p,0.442426,0.980881621539174,0
chr10,14000001,15000000,10p,0.427051,0.986528783106227,0
chr10,15000001,16000000,10p,0.417423,0.96716376661829,0
chr10,16000001,17000000,10p,0.400107,0.983197164113896,0
chr10,17000001,18000000,10p,0.390124,0.881190279610113,160
chr10,18000001,19000000,10p,0.39172,0.883170679820083,20934
chr10,19000001,20000000,10p,0.365245,0.962482275010815,0
chr10,20000001,21000000,10p,0.378559,0.960070178335401,0
chr10,21000001,22000000,10p,0.40961,0.978709551189752,0
chr10,22000001,23000000,10p,0.397595,0.96643392198292,0
chr10,23000001,24000000,10p,0.405768,0.964203822932718,0
chr10,24000001,25000000,10p,0.403968,0.970414141273327,0
chr10,25000001,26000000,10p,0.392929,0.96710979678515,0
chr10,26000001,27000000,10p,0.399626,0.968405079529553,0
chr10,27000001,28000000,10p,0.398079,0.968286375999062,0
chr10,28000001,29000000,10p,0.399303,0.981502763286681,0
chr10,29000001,30000000,10p,0.426279,0.976889626174031,0
chr10,30000001,31000000,10p,0.434705,0.98127521401253,0
chr10,31000001,32000000,10p,0.404269,0.954988479358896,0
chr10,32000001,33000000,10p,0.400506,0.954646928044124,433
chr10,33000001,34000000,10p,0.403786,0.969790915596527,0
chr10,34000001,35000000,10p,0.405403,0.988016947685503,0
chr10,35000001,36000000,10p,0.4318,0.978760843628297,65
chr10,36000001,37000000,10p,0.389825,0.971115777416539,87
chr10,37000001,38000000,10p,0.389722,0.930619809620452,90
chr10,38000001,39000000,10p,0.382962,0.797178204546037,66853
chr10,43000001,44000000,10q,0.464433,0.956949772377352,0
chr10,44000001,45000000,10q,0.435542,0.952223499302857,0
chr10,45000001,46000000,10q,0.423469,0.960064261280894,0
chr10,46000001,47000000,10q,0.393197,0.48557511650042,0
chr10,47000001,48000000,10q,0.351103,0.563261658629738,0
chr10,48000001,49000000,10q,0.417594,0.589730622677804,0
chr10,49000001,50000000,10q,0.385137,0.768898641704632,0
chr10,50000001,51000000,10q,0.452595,0.980697446081928,383
chr10,51000001,52000000,10q,0.36661,0.491118998976959,0
chr10,52000001,53000000,10q,0.386123,0.920173361228631,0
chr10,53000001,54000000,10q,0.365548,0.967313240870955,0
chr10,54000001,55000000,10q,0.370287,0.975407821818588,0
chr10,55000001,56000000,10q,0.35603,0.959834524582926,129
chr10,56000001,57000000,10q,0.344464,0.974392969120869,0
chr10,57000001,58000000,10q,0.343861,0.963825822325594,148
chr10,58000001,59000000,10q,0.351004,0.973098646102098,0
chr10,59000001,60000000,10q,0.362938,0.974500185591811,346
chr10,60000001,61000000,10q,0.381404,0.964142331394913,0
chr10,61000001,62000000,10q,0.392826,0.974932070391238,293
chr10,62000001,63000000,10q,0.380919,0.983252938932003,0
chr10,63000001,64000000,10q,0.379846,0.986802041484898,0
chr10,64000001,65000000,10q,0.402373,0.970236783067905,0
chr10,65000001,66000000,10q,0.393376,0.970746710484047,0
chr10,66000001,67000000,10q,0.355549,0.976113245863094,0
chr10,67000001,68000000,10q,0.354479,0.98213366705665,0
chr10,68000001,69000000,10q,0.359417,0.969722430180919,286
chr10,69000001,70000000,10q,0.387633,0.94915538735596,0
chr10,70000001,71000000,10q,0.429995,0.982382944145251,135
chr10,71000001,72000000,10q,0.473962,0.988616344895927,0
chr10,72000001,73000000,10q,0.48701,0.985587629603562,33
chr10,73000001,74000000,10q,0.499566,0.990479584023153,0
chr10,74000001,75000000,10q,0.413921,0.975146727986406,406
chr10,75000001,76000000,10q,0.434484,0.938998981181926,66
chr10,76000001,77000000,10q,0.404251,0.985253874636461,0
chr10,77000001,78000000,10q,0.429901,0.975924807614986,0
chr10,78000001,79000000,10q,0.397684,0.969565173792047,0
chr10,79000001,80000000,10q,0.463722,0.978648011745995,120
chr10,80000001,81000000,10q,0.489187,0.990431155606934,33
chr10,81000001,82000000,10q,0.450913,0.817961382634021,0
chr10,82000001,83000000,10q,0.414646,0.960265087219509,0
chr10,83000001,84000000,10q,0.366321,0.96955141892162,0
chr10,84000001,85000000,10q,0.374386,0.982441916707361,0
chr10,85000001,86000000,10q,0.393193,0.969041772998852,0
chr10,86000001,87000000,10q,0.400651,0.955016339327769,0
chr10,87000001,88000000,10q,0.419139,0.966447622175728,0
chr10,88000001,89000000,10q,0.450527,0.900608545470255,0
chr10,89000001,90000000,10q,0.392232,0.838831067465837,0
chr10,90000001,91000000,10q,0.375686,0.983353042313191,0
chr10,91000001,92000000,10q,0.391363,0.962722679728735,29
chr10,92000001,93000000,10q,0.389092,0.970910407268235,0
chr10,93000001,94000000,10q,0.395462,0.947646064484532,0
chr10,94000001,95000000,10q,0.415768,0.981772517795742,0
chr10,95000001,96000000,10q,0.420883,0.978403257579313,0
chr10,96000001,97000000,10q,0.390661,0.928364415964787,0
chr10,97000001,98000000,10q,0.415415,0.979148687912979,0
chr10,98000001,99000000,10q,0.441587,0.987058139116695,0
chr10,99000001,100000000,10q,0.467647,0.973401933823263,0
chr10,100000001,101000000,10q,0.404725,0.946957434661315,0
chr10,101000001,102000000,10q,0.426763,0.965226959110914,586
chr10,102000001,103000000,10q,0.478634,0.978810619545457,0
chr10,103000001,104000000,10q,0.450765,0.985156109557649,0
chr10,104000001,105000000,10q,0.458352,0.979744304845081,0
chr10,105000001,106000000,10q,0.460819,0.989578932562742,0
chr10,106000001,107000000,10q,0.418073,0.979904441117135,85
chr10,107000001,108000000,10q,0.377219,0.958660397401675,0
chr10,108000001,109000000,10q,0.390736,0.981742432869388,0
chr10,109000001,110000000,10q,0.37029,0.981278329812326,63
chr10,110000001,111000000,10q,0.375632,0.960692229889561,0
chr10,111000001,112000000,10q,0.404491,0.951369509175971,0
chr10,112000001,113000000,10q,0.421659,0.984026492106109,0
chr10,113000001,114000000,10q,0.403677,0.959219499350866,0
chr10,114000001,115000000,10q,0.422452,0.985941071387232,0
chr10,115000001,116000000,10q,0.422639,0.989632409838914,0
chr10,116000001,117000000,10q,0.415455,0.982028165106185,0
chr10,117000001,118000000,10q,0.378047,0.97046356653391,0
chr10,118000001,119000000,10q,0.422981,0.978989578986995,0
chr10,119000001,120000000,10q,0.422939,0.988327755808286,89
chr10,120000001,121000000,10q,0.434678,0.982242162781511,0
chr10,121000001,122000000,10q,0.44882,0.978445689374322,0
chr10,122000001,123000000,10q,0.418437,0.970869661857786,65
chr10,123000001,124000000,10q,0.444132,0.987687787125823,0
chr10,124000001,125000000,10q,0.439458,0.961801436599149,0
chr10,125000001,126000000,10q,0.442652,0.993771736946103,0
chr10,126000001,127000000,10q,0.482568,0.986938199368422,0
chr10,127000001,128000000,10q,0.426112,0.974782027640791,0
chr10,128000001,129000000,10q,0.370317,0.973951679605579,0
chr10,129000001,130000000,10q,0.440918,0.985593562640568,154
chr10,130000001,131000000,10q,0.444368,0.990676992130966,0
chr10,131000001,132000000,10q,0.455924,0.986070006095208,0
chr10,132000001,133000000,10q,0.470659,0.98020365085568,0
chr10,133000001,134000000,10q,0.442117,0.976751026941329,0
chr10,134000001,135000000,10q,0.55971,0.975360154382192,720
chr11,1000001,2000000,11p,0.537349,0.970823666047167,336
chr11,2000001,3000000,11p,0.536927,0.986519080290814,0
chr11,3000001,4000000,11p,0.473199,0.851472251893518,0
chr11,4000001,5000000,11p,0.401241,0.881709419689356,0
chr11,5000001,6000000,11p,0.382164,0.946863423222153,0
chr11,6000001,7000000,11p,0.421605,0.956969345895148,169
chr11,7000001,8000000,11p,0.400561,0.944333870118153,0
chr11,8000001,9000000,11p,0.445469,0.969348397911354,0
chr11,9000001,10000000,11p,0.424752,0.974543208922581,0
chr11,10000001,11000000,11p,0.41478,0.970865636739841,848
chr11,11000001,12000000,11p,0.430131,0.985151697411898,0
chr11,12000001,13000000,11p,0.436203,0.987138141292949,0
chr11,13000001,14000000,11p,0.40846,0.954801502173092,172
chr11,14000001,15000000,11p,0.400214,0.940027690096266,0
chr11,15000001,16000000,11p,0.415764,0.991083667542192,0
chr11,16000001,17000000,11p,0.382217,0.967362754590061,0
chr11,17000001,18000000,11p,0.453457,0.982618391602491,0
chr11,18000001,19000000,11p,0.424223,0.965041018391633,119
chr11,19000001,20000000,11p,0.432956,0.973503763996888,0
chr11,20000001,21000000,11p,0.40974,0.976800929114607,0
chr11,21000001,22000000,11p,0.371286,0.975767650037733,0
chr11,22000001,23000000,11p,0.364159,0.958357725869971,142
chr11,23000001,24000000,11p,0.359805,0.954174773833758,111
chr11,24000001,25000000,11p,0.352694,0.966104997444961,0
chr11,25000001,26000000,11p,0.352487,0.946600922723097,0
chr11,26000001,27000000,11p,0.363914,0.969111868380131,0
chr11,27000001,28000000,11p,0.39623,0.966065052178629,0
chr11,28000001,29000000,11p,0.366456,0.961357823460166,0
chr11,29000001,30000000,11p,0.365598,0.961352233458611,0
chr11,30000001,31000000,11p,0.383996,0.973930625240977,0
chr11,31000001,32000000,11p,0.375094,0.965354797954472,0
chr11,32000001,33000000,11p,0.412335,0.968691223215264,0
chr11,33000001,34000000,11p,0.4182,0.980105383314932,0
chr11,34000001,35000000,11p,0.426588,0.978384902879755,0
chr11,35000001,36000000,11p,0.416787,0.973727379137139,0
chr11,36000001,37000000,11p,0.414468,0.971896216014252,0
chr11,37000001,38000000,11p,0.356578,0.972155605859104,0
chr11,38000001,39000000,11p,0.351418,0.977584891661145,135
chr11,39000001,40000000,11p,0.364186,0.952257452984918,0
chr11,40000001,41000000,11p,0.368069,0.97117701392772,301
chr11,41000001,42000000,11p,0.368112,0.98149380865899,0
chr11,42000001,43000000,11p,0.375256,0.953995576356523,0
chr11,43000001,44000000,11p,0.403937,0.96147959597313,0
chr11,44000001,45000000,11p,0.477814,0.990374837121167,0
chr11,45000001,46000000,11p,0.476332,0.982490111512449,0
chr11,46000001,47000000,11p,0.447602,0.983310197607023,0
chr11,47000001,48000000,11p,0.46233,0.97750331174738,0
chr11,48000001,49000000,11p,0.396562,0.870706992409529,204532
chr11,49000001,50000000,11p,0.3647,0.778870561120136,0
chr11,50000001,51000000,11p,0.300754,0.916985622449563,369794
chr11,55000001,56000000,11q,0.361888,0.911845671465028,22963
chr11,56000001,57000000,11q,0.379169,0.954888127491236,0
chr11,57000001,58000000,11q,0.446883,0.968652169854609,0
chr11,58000001,59000000,11q,0.389092,0.953736832982299,0
chr11,59000001,60000000,11q,0.401581,0.964462332069134,0
chr11,60000001,61000000,11q,0.444352,0.941033435783322,0
chr11,61000001,62000000,11q,0.505347,0.973869277281882,0
chr11,62000001,63000000,11q,0.467443,0.949542734365158,0
chr11,63000001,64000000,11q,0.476786,0.945911923903993,0
chr11,64000001,65000000,11q,0.529616,0.987352814718976,0
chr11,65000001,66000000,11q,0.505755,0.978786410005561,0
chr11,66000001,67000000,11q,0.499076,0.976991924145654,0
chr11,67000001,68000000,11q,0.503375,0.870917824481123,395
chr11,68000001,69000000,11q,0.496953,0.980857500379623,0
chr11,69000001,70000000,11q,0.461795,0.993893367838784,0
chr11,70000001,71000000,11q,0.506221,0.98483766220109,0
chr11,71000001,72000000,11q,0.465888,0.853298744597981,0
chr11,72000001,73000000,11q,0.462617,0.981560755337284,31
chr11,73000001,74000000,11q,0.440461,0.976253798226525,430
chr11,74000001,75000000,11q,0.435105,0.959924866292133,549
chr11,75000001,76000000,11q,0.464934,0.978947190364826,175
chr11,76000001,77000000,11q,0.455663,0.970718313490704,0
chr11,77000001,78000000,11q,0.422591,0.956191807978066,358
chr11,78000001,79000000,11q,0.428581,0.983374651353722,0
chr11,79000001,80000000,11q,0.401873,0.981910929709,0
chr11,80000001,81000000,11q,0.367559,0.986681543055382,0
chr11,81000001,82000000,11q,0.358399,0.968073281905548,0
chr11,82000001,83000000,11q,0.388699,0.979659206480732,83
chr11,83000001,84000000,11q,0.381421,0.964361067296935,0
chr11,84000001,85000000,11q,0.363931,0.980291957272407,241
chr11,85000001,86000000,11q,0.39118,0.962403236969796,824
chr11,86000001,87000000,11q,0.402441,0.946902233769391,150
chr11,87000001,88000000,11q,0.36227,0.948343628796635,0
chr11,88000001,89000000,11q,0.361667,0.911726287455515,0
chr11,89000001,90000000,11q,0.368992,0.718032999370992,0
chr11,90000001,91000000,11q,0.35223,0.954039156389528,0
chr11,91000001,92000000,11q,0.371002,0.966084572656698,0
chr11,92000001,93000000,11q,0.39646,0.970310852303249,0
chr11,93000001,94000000,11q,0.407127,0.950584396202445,0
chr11,94000001,95000000,11q,0.405508,0.968777842546057,133
chr11,95000001,96000000,11q,0.391304,0.967470510177305,0
chr11,96000001,97000000,11q,0.315005,0.950252595291091,0
chr11,97000001,98000000,11q,0.356018,0.9839987636755,0
chr11,98000001,99000000,11q,0.354351,0.964663548655583,0
chr11,99000001,100000000,11q,0.348783,0.970136574632561,0
chr11,100000001,101000000,11q,0.377287,0.959406805619964,0
chr11,101000001,102000000,11q,0.381467,0.957107275418932,0
chr11,102000001,103000000,11q,0.39266,0.969919602367134,69
chr11,103000001,104000000,11q,0.370842,0.967140485564399,237
chr11,104000001,105000000,11q,0.360424,0.979028148908075,0
chr11,105000001,106000000,11q,0.355821,0.986237207721273,0
chr11,106000001,107000000,11q,0.369788,0.977781061650683,0
chr11,107000001,108000000,11q,0.39773,0.973485791520445,0
chr11,108000001,109000000,11q,0.391865,0.960020388531848,0
chr11,109000001,110000000,11q,0.382763,0.962498365020631,0
chr11,110000001,111000000,11q,0.396671,0.969635887354153,0
chr11,111000001,112000000,11q,0.416485,0.987046585812417,841
chr11,112000001,113000000,11q,0.422425,0.981641276293931,0
chr11,113000001,114000000,11q,0.445727,0.979705049553336,0
chr11,114000001,115000000,11q,0.414186,0.968997416103157,0
chr11,115000001,116000000,11q,0.42164,0.983687834715032,0
chr11,116000001,117000000,11q,0.449992,0.983502477070936,0
chr11,117000001,118000000,11q,0.486604,0.980817598827842,0
chr11,118000001,119000000,11q,0.466363,0.97581680817066,0
chr11,119000001,120000000,11q,0.491593,0.990395873690424,0
chr11,120000001,121000000,11q,0.452685,0.992700514462149,0
chr11,121000001,122000000,11q,0.409919,0.96840574501726,0
chr11,122000001,123000000,11q,0.419689,0.978940298962515,0
chr11,123000001,124000000,11q,0.419524,0.985331009493969,0
chr11,124000001,125000000,11q,0.407291,0.970508947457555,0
chr11,125000001,126000000,11q,0.440375,0.972465300823549,0
chr11,126000001,127000000,11q,0.467253,0.990655398547942,0
chr11,127000001,128000000,11q,0.384237,0.97084462444839,0
chr11,128000001,129000000,11q,0.420322,0.987778861072184,0
chr11,129000001,130000000,11q,0.41993,0.959159879746533,221
chr11,130000001,131000000,11q,0.436911,0.973682598091747,0
chr11,131000001,132000000,11q,0.431807,0.983477388937256,0
chr11,132000001,133000000,11q,0.417811,0.980879673170699,0
chr11,133000001,134000000,11q,0.444036,0.968729009879465,0
chr12,1000001,2000000,12p,0.427195,0.978411097221851,0
chr12,2000001,3000000,12p,0.469074,0.97551428252094,0
chr12,3000001,4000000,12p,0.47481,0.974946569338265,0
chr12,4000001,5000000,12p,0.427842,0.976039016709849,0
chr12,5000001,6000000,12p,0.439434,0.976293486050194,0
chr12,6000001,7000000,12p,0.490576,0.973205571707556,0
chr12,7000001,8000000,12p,0.409259,0.952242550612727,0
chr12,8000001,9000000,12p,0.434699,0.851774502438427,0
chr12,9000001,10000000,12p,0.404929,0.884862238184752,0
chr12,10000001,11000000,12p,0.376997,0.957561607292284,0
chr12,11000001,12000000,12p,0.394827,0.945141483305792,0
chr12,12000001,13000000,12p,0.423326,0.970823913956495,0
chr12,13000001,14000000,12p,0.421972,0.978980694556221,389
chr12,14000001,15000000,12p,0.397665,0.978422134295846,0
chr12,15000001,16000000,12p,0.374947,0.987407915235392,0
chr12,16000001,17000000,12p,0.372517,0.981368263739343,0
chr12,17000001,18000000,12p,0.354938,0.950229517101194,0
chr12,18000001,19000000,12p,0.358917,0.969028199004958,213
chr12,19000001,20000000,12p,0.392993,0.979495196405402,159
chr12,20000001,21000000,12p,0.367428,0.973810190942365,165
chr12,21000001,22000000,12p,0.365577,0.951714325270538,0
chr12,22000001,23000000,12p,0.374876,0.964510540359478,0
chr12,23000001,24000000,12p,0.366097,0.96859992416643,0
chr12,24000001,25000000,12p,0.369281,0.989859040819272,0
chr12,25000001,26000000,12p,0.391205,0.968635862644676,0
chr12,26000001,27000000,12p,0.392663,0.981836085215815,0
chr12,27000001,28000000,12p,0.396627,0.966335695703875,139
chr12,28000001,29000000,12p,0.36967,0.967130928271406,0
chr12,29000001,30000000,12p,0.384491,0.964858981269916,0
chr12,30000001,31000000,12p,0.393675,0.961991591794241,60
chr12,31000001,32000000,12p,0.434478,0.917196758936364,0
chr12,32000001,33000000,12p,0.4141,0.977817414539555,0
chr12,33000001,34000000,12p,0.374868,0.953111015572478,0
chr12,38000001,39000000,12q,0.377341,0.94216680716223,386350
chr12,39000001,40000000,12q,0.36965,0.95098185026856,0
chr12,40000001,41000000,12q,0.366704,0.963287201721323,0
chr12,41000001,42000000,12q,0.361032,0.975406126285347,0
chr12,42000001,43000000,12q,0.394612,0.949247362324209,39
chr12,43000001,44000000,12q,0.375135,0.966964715824217,0
chr12,44000001,45000000,12q,0.374012,0.964548524692434,0
chr12,45000001,46000000,12q,0.382202,0.956208190642629,0
chr12,46000001,47000000,12q,0.385254,0.974091383579902,0
chr12,47000001,48000000,12q,0.394166,0.956980366791685,0
chr12,48000001,49000000,12q,0.437567,0.959463428084953,114
chr12,49000001,50000000,12q,0.471504,0.977083339174879,0
chr12,50000001,51000000,12q,0.457729,0.981200763331851,0
chr12,51000001,52000000,12q,0.434664,0.968277115916015,0
chr12,52000001,53000000,12q,0.482362,0.978258452057154,0
chr12,53000001,54000000,12q,0.483657,0.980706639385636,0
chr12,54000001,55000000,12q,0.470304,0.965719889690417,0
chr12,55000001,56000000,12q,0.380719,0.898364517052782,22
chr12,56000001,57000000,12q,0.471425,0.97611812471081,56
chr12,57000001,58000000,12q,0.472893,0.969641471876893,113
chr12,58000001,59000000,12q,0.41841,0.951982812490296,20
chr12,59000001,60000000,12q,0.368935,0.965890489176465,0
chr12,60000001,61000000,12q,0.350675,0.975034790687029,36
chr12,61000001,62000000,12q,0.356149,0.935305319609335,0
chr12,62000001,63000000,12q,0.365955,0.979165035931312,0
chr12,63000001,64000000,12q,0.393946,0.946819164005588,0
chr12,64000001,65000000,12q,0.400046,0.926381374729726,0
chr12,65000001,66000000,12q,0.396097,0.974980409426159,0
chr12,66000001,67000000,12q,0.397156,0.966764490430354,0
chr12,67000001,68000000,12q,0.386334,0.985209280184209,135
chr12,68000001,69000000,12q,0.398726,0.97079243500761,0
chr12,69000001,70000000,12q,0.40249,0.978502308090034,72
chr12,70000001,71000000,12q,0.389608,0.950363104054022,64
chr12,71000001,72000000,12q,0.375593,0.969607399929194,0
chr12,72000001,73000000,12q,0.371752,0.977246388719257,0
chr12,73000001,74000000,12q,0.355953,0.946261491255168,0
chr12,74000001,75000000,12q,0.351648,0.966468574897136,0
chr12,75000001,76000000,12q,0.35354,0.974595919431641,512
chr12,76000001,77000000,12q,0.392909,0.979845045639861,0
chr12,77000001,78000000,12q,0.382682,0.974238776503964,0
chr12,78000001,79000000,12q,0.356114,0.970843887536933,0
chr12,79000001,80000000,12q,0.36156,0.973441099349889,0
chr12,80000001,81000000,12q,0.367945,0.946136098221396,119
chr12,81000001,82000000,12q,0.352805,0.978105763584673,0
chr12,82000001,83000000,12q,0.357325,0.970352639299223,0
chr12,83000001,84000000,12q,0.370251,0.966853228234443,0
chr12,84000001,85000000,12q,0.349262,0.964181677015743,37
chr12,85000001,86000000,12q,0.344058,0.979961876359891,64
chr12,86000001,87000000,12q,0.350089,0.97427056122436,0
chr12,87000001,88000000,12q,0.347466,0.946085412413006,0
chr12,88000001,89000000,12q,0.360603,0.962570329970608,0
chr12,89000001,90000000,12q,0.3801,0.973325857136671,0
chr12,90000001,91000000,12q,0.365254,0.979234636083741,0
chr12,91000001,92000000,12q,0.354943,0.984966517845516,37
chr12,92000001,93000000,12q,0.385026,0.980335024871951,0
chr12,93000001,94000000,12q,0.406268,0.972591386254056,0
chr12,94000001,95000000,12q,0.414001,0.981022177662074,336
chr12,95000001,96000000,12q,0.416012,0.982004865976863,0
chr12,96000001,97000000,12q,0.411969,0.963952177476214,0
chr12,97000001,98000000,12q,0.382299,0.973288490308772,0
chr12,98000001,99000000,12q,0.400037,0.960100768017212,0
chr12,99000001,100000000,12q,0.384014,0.981929029491411,0
chr12,100000001,101000000,12q,0.391003,0.978679675094877,0
chr12,101000001,102000000,12q,0.397228,0.961287319867536,0
chr12,102000001,103000000,12q,0.392489,0.977673488969857,129
chr12,103000001,104000000,12q,0.391747,0.967037018825613,0
chr12,104000001,105000000,12q,0.430129,0.972979638895987,110
chr12,105000001,106000000,12q,0.414229,0.96986185042496,0
chr12,106000001,107000000,12q,0.420493,0.963377769421869,0
chr12,107000001,108000000,12q,0.421881,0.985101164101196,0
chr12,108000001,109000000,12q,0.446329,0.984862603226862,0
chr12,109000001,110000000,12q,0.436746,0.986179183874405,0
chr12,110000001,111000000,12q,0.464052,0.985477694098332,0
chr12,111000001,112000000,12q,0.473012,0.985823175788312,0
chr12,112000001,113000000,12q,0.441901,0.973417725242428,0
chr12,113000001,114000000,12q,0.474052,0.985883858499972,110
chr12,114000001,115000000,12q,0.459377,0.990319739701989,0
chr12,115000001,116000000,12q,0.43336,0.987271229479816,0
chr12,116000001,117000000,12q,0.42406,0.994262918145849,0
chr12,117000001,118000000,12q,0.464922,0.990841072348641,0
chr12,118000001,119000000,12q,0.436197,0.981537834668018,57
chr12,119000001,120000000,12q,0.432369,0.978595393787685,0
chr12,120000001,121000000,12q,0.46309,0.981896104184039,0
chr12,121000001,122000000,12q,0.469966,0.982707877952734,0
chr12,122000001,123000000,12q,0.459913,0.975821702376417,0
chr12,123000001,124000000,12q,0.474507,0.971417825543125,0
chr12,124000001,125000000,12q,0.487671,0.98653079045595,0
chr12,125000001,126000000,12q,0.48953,0.9864635753761,1747
chr12,126000001,127000000,12q,0.411081,0.979295126120101,0
chr12,127000001,128000000,12q,0.409305,0.984667806226637,658
chr12,128000001,129000000,12q,0.42562,0.981079266388585,0
chr12,129000001,130000000,12q,0.445904,0.968924547990613,566
chr12,130000001,131000000,12q,0.451072,0.982355784964795,0
chr12,131000001,132000000,12q,0.49063,0.953633245796315,100
chr12,132000001,133000000,12q,0.476465,0.954115033643033,490
chr13,19000001,20000000,13q,0.406762,0.74043561828374,0
chr13,20000001,21000000,13q,0.422788,0.934829567018708,0
chr13,21000001,22000000,13q,0.425318,0.97542441969616,0
chr13,22000001,23000000,13q,0.407982,0.973108321345839,0
chr13,23000001,24000000,13q,0.396432,0.964020058056084,2801
chr13,24000001,25000000,13q,0.425907,0.967360955093138,76
chr13,25000001,26000000,13q,0.419928,0.945824927987694,254
chr13,26000001,27000000,13q,0.408637,0.981799511804368,0
chr13,27000001,28000000,13q,0.434601,0.985822915060469,0
chr13,28000001,29000000,13q,0.420137,0.991047597402004,0
chr13,29000001,30000000,13q,0.409649,0.975116932331594,0
chr13,30000001,31000000,13q,0.427984,0.972299213084312,262
chr13,31000001,32000000,13q,0.430027,0.97477752091612,0
chr13,32000001,33000000,13q,0.391118,0.980871257937541,0
chr13,33000001,34000000,13q,0.399481,0.984388466187333,0
chr13,34000001,35000000,13q,0.384507,0.980929543321166,0
chr13,35000001,36000000,13q,0.368226,0.967372038311756,49
chr13,36000001,37000000,13q,0.390823,0.980916851729973,0
chr13,37000001,38000000,13q,0.388843,0.972635071521248,0
chr13,38000001,39000000,13q,0.356752,0.966507176563364,0
chr13,39000001,40000000,13q,0.378193,0.986395070957887,0
chr13,40000001,41000000,13q,0.399388,0.97524783682133,0
chr13,41000001,42000000,13q,0.409508,0.957388257995679,20
chr13,42000001,43000000,13q,0.390539,0.963558651088984,0
chr13,43000001,44000000,13q,0.401753,0.969138293966362,0
chr13,44000001,45000000,13q,0.401015,0.975937878837606,0
chr13,45000001,46000000,13q,0.418468,0.982721424441608,0
chr13,46000001,47000000,13q,0.40912,0.9698464689388,0
chr13,47000001,48000000,13q,0.386632,0.96427210901006,53
chr13,48000001,49000000,13q,0.393703,0.955568566804494,0
chr13,49000001,50000000,13q,0.394372,0.968066259330048,0
chr13,50000001,51000000,13q,0.408823,0.972855748002233,0
chr13,51000001,52000000,13q,0.404172,0.969348957377778,0
chr13,52000001,53000000,13q,0.415553,0.900923983015013,0
chr13,53000001,54000000,13q,0.410209,0.930413064618561,0
chr13,54000001,55000000,13q,0.358942,0.975282294652705,66
chr13,55000001,56000000,13q,0.350885,0.981303033869158,0
chr13,56000001,57000000,13q,0.342733,0.977663801130732,0
chr13,57000001,58000000,13q,0.343198,0.946959110797691,0
chr13,58000001,59000000,13q,0.344673,0.982710121765806,0
chr13,59000001,60000000,13q,0.366662,0.976935529821651,0
chr13,60000001,61000000,13q,0.375853,0.975024448589426,0
chr13,61000001,62000000,13q,0.368954,0.966113688943566,0
chr13,62000001,63000000,13q,0.345913,0.988649206250417,0
chr13,63000001,64000000,13q,0.337282,0.986635960039207,0
chr13,64000001,65000000,13q,0.346023,0.945007072570624,0
chr13,65000001,66000000,13q,0.342821,0.991027792456503,0
chr13,66000001,67000000,13q,0.348995,0.970864202709565,0
chr13,67000001,68000000,13q,0.348046,0.982457184384063,0
chr13,68000001,69000000,13q,0.347101,0.970281995975116,180
chr13,69000001,70000000,13q,0.334872,0.991234762349587,0
chr13,70000001,71000000,13q,0.34478,0.973740989632115,0
chr13,71000001,72000000,13q,0.344392,0.988352654401697,0
chr13,72000001,73000000,13q,0.352664,0.981366756170762,0
chr13,73000001,74000000,13q,0.384025,0.984111356333327,0
chr13,74000001,75000000,13q,0.381592,0.978899297480342,46
chr13,75000001,76000000,13q,0.376691,0.966107471422355,0
chr13,76000001,77000000,13q,0.37473,0.976235848309235,0
chr13,77000001,78000000,13q,0.37994,0.975866667552814,129
chr13,78000001,79000000,13q,0.372592,0.972304161184598,0
chr13,79000001,80000000,13q,0.376989,0.969743643040461,0
chr13,80000001,81000000,13q,0.384537,0.967098818282123,0
chr13,81000001,82000000,13q,0.356242,0.974027866821181,0
chr13,82000001,83000000,13q,0.345532,0.964546268716417,314
chr13,83000001,84000000,13q,0.340001,0.984946556207131,0
chr13,84000001,85000000,13q,0.348297,0.98420580981891,0
chr13,85000001,86000000,13q,0.348082,0.982282385598013,111
chr13,86000001,87000000,13q,0.292825,0.975821072680634,0
chr13,87000001,88000000,13q,0.34422,0.974458951242474,0
chr13,88000001,89000000,13q,0.3454,0.978946533246622,0
chr13,89000001,90000000,13q,0.341882,0.976808031525617,0
chr13,90000001,91000000,13q,0.348941,0.991851336441776,0
chr13,91000001,92000000,13q,0.364477,0.978844895653784,0
chr13,92000001,93000000,13q,0.36102,0.976707582767398,0
chr13,93000001,94000000,13q,0.361566,0.968207940827195,0
chr13,94000001,95000000,13q,0.368912,0.978365231335215,34
chr13,95000001,96000000,13q,0.410857,0.979333038228506,93
chr13,96000001,97000000,13q,0.395246,0.965894535483082,0
chr13,97000001,98000000,13q,0.389515,0.982219098837448,0
chr13,98000001,99000000,13q,0.415806,0.967114262151455,0
chr13,99000001,100000000,13q,0.436549,0.986065586169113,0
chr13,100000001,101000000,13q,0.428266,0.978343381032605,0
chr13,101000001,102000000,13q,0.410523,0.972373232505199,0
chr13,102000001,103000000,13q,0.369777,0.981154803841521,111
chr13,103000001,104000000,13q,0.388983,0.988183929172359,0
chr13,104000001,105000000,13q,0.360041,0.977404682623525,83
chr13,105000001,106000000,13q,0.359371,0.984362454955333,0
chr13,106000001,107000000,13q,0.376445,0.975730628562695,0
chr13,107000001,108000000,13q,0.395851,0.981171962223846,0
chr13,108000001,109000000,13q,0.372596,0.978378355921856,0
chr13,109000001,110000000,13q,0.3876,0.976779492895339,0
chr13,110000001,111000000,13q,0.426492,0.981006265603995,256
chr13,111000001,112000000,13q,0.458135,0.975348450755152,0
chr13,112000001,113000000,13q,0.408931,0.951696929269445,0
chr13,113000001,114000000,13q,0.489531,0.975205785498162,228
chr13,114000001,115000000,13q,0.418762,0.960959343804258,576
chr14,19000001,20000000,14q,0.411391,0.43303325504702,57396
chr14,20000001,21000000,14q,0.391122,0.808614711283673,0
chr14,21000001,22000000,14q,0.434586,0.968295908551617,0
chr14,22000001,23000000,14q,0.394507,0.974290340942497,66
chr14,23000001,24000000,14q,0.465927,0.969753773201278,138
chr14,24000001,25000000,14q,0.463543,0.932593315390754,0
chr14,25000001,26000000,14q,0.391153,0.963232736311945,0
chr14,26000001,27000000,14q,0.366474,0.962057299841647,0
chr14,27000001,28000000,14q,0.348758,0.963454637725586,0
chr14,28000001,29000000,14q,0.349006,0.936225841919483,0
chr14,29000001,30000000,14q,0.357292,0.974618473208143,0
chr14,30000001,31000000,14q,0.375355,0.969898579861266,0
chr14,31000001,32000000,14q,0.393878,0.974566589515267,0
chr14,32000001,33000000,14q,0.390758,0.96013077357757,1021
chr14,33000001,34000000,14q,0.377191,0.982230298175072,0
chr14,34000001,35000000,14q,0.411969,0.970554407676162,0
chr14,35000001,36000000,14q,0.422309,0.96811301174289,0
chr14,36000001,37000000,14q,0.385656,0.961810862881546,0
chr14,37000001,38000000,14q,0.38097,0.965923811811406,0
chr14,38000001,39000000,14q,0.377016,0.966851328847438,0
chr14,39000001,40000000,14q,0.388323,0.950929880681701,0
chr14,40000001,41000000,14q,0.362091,0.943679513946036,350
chr14,41000001,42000000,14q,0.345295,0.961692970132664,0
chr14,42000001,43000000,14q,0.347024,0.967420216733427,0
chr14,43000001,44000000,14q,0.341403,0.950220025954446,50
chr14,44000001,45000000,14q,0.354696,0.963691724314966,0
chr14,45000001,46000000,14q,0.381807,0.949886267674941,126
chr14,46000001,47000000,14q,0.355613,0.940907295510143,0
chr14,47000001,48000000,14q,0.348675,0.971387521668311,0
chr14,48000001,49000000,14q,0.356117,0.951624892707868,0
chr14,49000001,50000000,14q,0.37462,0.967404352406822,66
chr14,50000001,51000000,14q,0.41436,0.978264076181828,0
chr14,51000001,52000000,14q,0.40426,0.976321026291845,0
chr14,52000001,53000000,14q,0.400849,0.95915642452115,0
chr14,53000001,54000000,14q,0.393854,0.970484840619194,154
chr14,54000001,55000000,14q,0.397059,0.972353440932819,0
chr14,55000001,56000000,14q,0.418368,0.97959814594727,55
chr14,56000001,57000000,14q,0.402222,0.966653823353645,140
chr14,57000001,58000000,14q,0.395791,0.965203715527364,0
chr14,58000001,59000000,14q,0.39417,0.966388196076221,0
chr14,59000001,60000000,14q,0.399536,0.976453632772865,0
chr14,60000001,61000000,14q,0.382383,0.961194035110299,0
chr14,61000001,62000000,14q,0.40307,0.964405945120967,113
chr14,62000001,63000000,14q,0.390215,0.973045937847391,0
chr14,63000001,64000000,14q,0.381909,0.963204877165636,0
chr14,64000001,65000000,14q,0.416301,0.98596330983974,0
chr14,65000001,66000000,14q,0.445766,0.981038900531266,0
chr14,66000001,67000000,14q,0.402806,0.965795419088951,0
chr14,67000001,68000000,14q,0.38607,0.966288419407153,0
chr14,68000001,69000000,14q,0.406484,0.97851308604195,0
chr14,69000001,70000000,14q,0.457741,0.990096481926596,0
chr14,70000001,71000000,14q,0.432951,0.972266992842557,0
chr14,71000001,72000000,14q,0.411788,0.969522860727278,0
chr14,72000001,73000000,14q,0.410905,0.966778374832052,98
chr14,73000001,74000000,14q,0.448918,0.983361316697622,0
chr14,74000001,75000000,14q,0.457159,0.973243961145659,0
chr14,75000001,76000000,14q,0.453083,0.986370788280761,0
chr14,76000001,77000000,14q,0.438956,0.991437141778431,0
chr14,77000001,78000000,14q,0.473513,0.980618159716088,0
chr14,78000001,79000000,14q,0.434618,0.987547451452911,0
chr14,79000001,80000000,14q,0.387596,0.97685122987617,0
chr14,80000001,81000000,14q,0.379528,0.964642749015692,0
chr14,81000001,82000000,14q,0.385671,0.977067009952658,0
chr14,82000001,83000000,14q,0.378252,0.975319639596894,0
chr14,83000001,84000000,14q,0.352836,0.989560999098582,0
chr14,84000001,85000000,14q,0.356713,0.983264430310582,0
chr14,85000001,86000000,14q,0.366491,0.989419239035497,0
chr14,86000001,87000000,14q,0.36522,0.953593716399836,0
chr14,87000001,88000000,14q,0.368638,0.967437877111107,0
chr14,88000001,89000000,14q,0.403388,0.975933329601425,544
chr14,89000001,90000000,14q,0.421293,0.986142602221,0
chr14,90000001,91000000,14q,0.434297,0.982109552205616,203
chr14,91000001,92000000,14q,0.454024,0.982963074821344,41
chr14,92000001,93000000,14q,0.430884,0.978802629724242,27
chr14,93000001,94000000,14q,0.456949,0.975787326639717,0
chr14,94000001,95000000,14q,0.450877,0.989794504057102,0
chr14,95000001,96000000,14q,0.465472,0.988836446817105,153
chr14,96000001,97000000,14q,0.446111,0.988200699073143,0
chr14,97000001,98000000,14q,0.431066,0.98970101516413,0
chr14,98000001,99000000,14q,0.413309,0.99137439116582,0
chr14,99000001,100000000,14q,0.454699,0.98941810764378,0
chr14,100000001,101000000,14q,0.48648,0.98968953046983,0
chr14,101000001,102000000,14q,0.486186,0.98679054341917,0
chr14,102000001,103000000,14q,0.471185,0.978775372630444,0
chr14,103000001,104000000,14q,0.484049,0.982801472484356,0
chr14,104000001,105000000,14q,0.508982,0.983525907531869,76
chr14,105000001,106000000,14q,0.569804,0.966162275669332,537
chr14,106000001,107000000,14q,0.469431,0.857784681784295,66
chr15,20000001,21000000,15q,0.407777,0.54462597551502,38990
chr15,21000001,22000000,15q,0.214279,0.474080352235392,635
chr15,22000001,23000000,15q,0.3792,0.702071900581344,0
chr15,23000001,24000000,15q,0.406217,0.683845360306581,0
chr15,24000001,25000000,15q,0.391897,0.875751398721186,316
chr15,25000001,26000000,15q,0.421652,0.983799013969642,0
chr15,26000001,27000000,15q,0.41951,0.988978980850668,0
chr15,27000001,28000000,15q,0.410556,0.98694905371571,305
chr15,28000001,29000000,15q,0.434967,0.666799275598958,644
chr15,29000001,30000000,15q,0.426192,0.939530787247532,0
chr15,30000001,31000000,15q,0.421546,0.634490808544099,0
chr15,31000001,32000000,15q,0.447939,0.921759441998045,0
chr15,32000001,33000000,15q,0.422835,0.705114944005848,0
chr15,33000001,34000000,15q,0.404717,0.984395167152382,0
chr15,34000001,35000000,15q,0.415389,0.926775846952682,44
chr15,35000001,36000000,15q,0.381869,0.974002063591063,89
chr15,36000001,37000000,15q,0.367745,0.976223967891119,0
chr15,37000001,38000000,15q,0.372686,0.957089526291773,0
chr15,38000001,39000000,15q,0.389452,0.983282946105321,0
chr15,39000001,40000000,15q,0.39662,0.96683085242834,0
chr15,40000001,41000000,15q,0.451282,0.980720456202297,0
chr15,41000001,42000000,15q,0.465196,0.980556026784322,0
chr15,42000001,43000000,15q,0.451518,0.987590994072975,0
chr15,43000001,44000000,15q,0.429397,0.91498579057034,0
chr15,44000001,45000000,15q,0.419047,0.957685325661331,0
chr15,45000001,46000000,15q,0.435523,0.929680976840243,0
chr15,46000001,47000000,15q,0.382118,0.967159902181264,1305
chr15,47000001,48000000,15q,0.372232,0.966569435301053,0
chr15,48000001,49000000,15q,0.394542,0.993703547959506,0
chr15,49000001,50000000,15q,0.376838,0.963018949960859,0
chr15,50000001,51000000,15q,0.396125,0.975514918813099,333
chr15,51000001,52000000,15q,0.410205,0.960680627710495,0
chr15,52000001,53000000,15q,0.415922,0.982655221187239,0
chr15,53000001,54000000,15q,0.394322,0.956419429356074,20
chr15,54000001,55000000,15q,0.366145,0.975926998780428,0
chr15,55000001,56000000,15q,0.395402,0.956090945167411,0
chr15,56000001,57000000,15q,0.382243,0.952259855624904,0
chr15,57000001,58000000,15q,0.403583,0.991711147794464,0
chr15,58000001,59000000,15q,0.410557,0.98090866065432,0
chr15,59000001,60000000,15q,0.415608,0.989025025588207,415
chr15,60000001,61000000,15q,0.40639,0.982549601064253,0
chr15,61000001,62000000,15q,0.410866,0.986796280281085,0
chr15,62000001,63000000,15q,0.410896,0.9723527077579,0
chr15,63000001,64000000,15q,0.432935,0.98612762028331,0
chr15,64000001,65000000,15q,0.430036,0.977963324403062,42
chr15,65000001,66000000,15q,0.464518,0.982102412913831,0
chr15,66000001,67000000,15q,0.457998,0.986485765220351,0
chr15,67000001,68000000,15q,0.433747,0.982710916304011,0
chr15,68000001,69000000,15q,0.446872,0.99077159586291,0
chr15,69000001,70000000,15q,0.441036,0.982481359850479,0
chr15,70000001,71000000,15q,0.466966,0.988448372351386,0
chr15,71000001,72000000,15q,0.413494,0.961764590765798,0
chr15,72000001,73000000,15q,0.421553,0.947370690968163,0
chr15,73000001,74000000,15q,0.421465,0.975167933073931,0
chr15,74000001,75000000,15q,0.499761,0.961606903954674,0
chr15,75000001,76000000,15q,0.493006,0.933780831392122,0
chr15,76000001,77000000,15q,0.418281,0.96389576361111,0
chr15,77000001,78000000,15q,0.428421,0.96819397803514,0
chr15,78000001,79000000,15q,0.482637,0.954468320434419,0
chr15,79000001,80000000,15q,0.450298,0.96144142449807,0
chr15,80000001,81000000,15q,0.432089,0.980230983140564,56
chr15,81000001,82000000,15q,0.422145,0.971945315542106,0
chr15,82000001,83000000,15q,0.416202,0.688874549897267,0
chr15,83000001,84000000,15q,0.435894,0.824616302041702,0
chr15,84000001,85000000,15q,0.410053,0.848919663946887,0
chr15,85000001,86000000,15q,0.431646,0.86744838651204,0
chr15,86000001,87000000,15q,0.417763,0.983596529334392,0
chr15,87000001,88000000,15q,0.383001,0.95675071187824,0
chr15,88000001,89000000,15q,0.43437,0.971117203099736,107
chr15,89000001,90000000,15q,0.464687,0.971567574603135,0
chr15,90000001,91000000,15q,0.468577,0.97368855928539,0
chr15,91000001,92000000,15q,0.441683,0.97869909266418,0
chr15,92000001,93000000,15q,0.429757,0.978552160821293,0
chr15,93000001,94000000,15q,0.443999,0.972094940512794,0
chr15,94000001,95000000,15q,0.391219,0.970508133775814,351
chr15,95000001,96000000,15q,0.385922,0.990963179754024,0
chr15,96000001,97000000,15q,0.395543,0.99404135910611,0
chr15,97000001,98000000,15q,0.383295,0.958444923199383,0
chr15,98000001,99000000,15q,0.406132,0.983733913599856,0
chr15,99000001,100000000,15q,0.437164,0.983145414628002,0
chr15,100000001,101000000,15q,0.429321,0.954985775713057,0
chr15,101000001,102000000,15q,0.458518,0.977350955942983,77
chr16,1000001,2000000,16p,0.577248,0.971507117101484,0
chr16,2000001,3000000,16p,0.550483,0.908571296132336,0
chr16,3000001,4000000,16p,0.493806,0.980681989906475,3996
chr16,4000001,5000000,16p,0.515886,0.988197312695905,0
chr16,5000001,6000000,16p,0.459891,0.956359782497603,60
chr16,6000001,7000000,16p,0.413297,0.99372004090719,83
chr16,7000001,8000000,16p,0.412698,0.992188149386339,0
chr16,8000001,9000000,16p,0.416962,0.980198685120568,0
chr16,9000001,10000000,16p,0.437523,0.972043859304877,0
chr16,10000001,11000000,16p,0.447299,0.983909519445984,0
chr16,11000001,12000000,16p,0.485139,0.989100704194862,0
chr16,12000001,13000000,16p,0.4632,0.965752915868351,79
chr16,13000001,14000000,16p,0.420605,0.984910337314368,229
chr16,14000001,15000000,16p,0.438096,0.841229080408562,0
chr16,15000001,16000000,16p,0.46588,0.741393615397327,0
chr16,16000001,17000000,16p,0.462204,0.66659509046874,0
chr16,17000001,18000000,16p,0.434984,0.985044252356928,0
chr16,18000001,19000000,16p,0.445281,0.60599974219931,0
chr16,19000001,20000000,16p,0.44939,0.987106528011279,0
chr16,20000001,21000000,16p,0.427427,0.932611545721048,0
chr16,21000001,22000000,16p,0.439574,0.727869601286767,0
chr16,22000001,23000000,16p,0.440546,0.869682194835688,0
chr16,23000001,24000000,16p,0.450867,0.987577543834581,409
chr16,24000001,25000000,16p,0.437688,0.989686837988056,71
chr16,25000001,26000000,16p,0.426437,0.98717470871885,0
chr16,26000001,27000000,16p,0.417011,0.985093546530073,0
chr16,27000001,28000000,16p,0.476889,0.99238978232586,0
chr16,28000001,29000000,16p,0.492375,0.766737268968736,67
chr16,29000001,30000000,16p,0.489846,0.700140130751251,185
chr16,30000001,31000000,16p,0.505961,0.881790065163772,0
chr16,31000001,32000000,16p,0.459846,0.92006918987236,0
chr16,32000001,33000000,16p,0.417479,0.486752991244905,105766
chr16,33000001,34000000,16p,0.423994,0.55051388120503,85636
chr16,34000001,35000000,16p,0.353477,0.931363220212736,130065
chr16,39000001,40000000,16q,0,0,0
chr16,40000001,41000000,16q,0,0,0
chr16,41000001,42000000,16q,0,0,0
chr16,42000001,43000000,16q,0,0,0
chr16,43000001,44000000,16q,0,0,0
chr16,44000001,45000000,16q,0,0,0
chr16,45000001,46000000,16q,0,0,0
chr16,46000001,47000000,16q,0.257154,0.886344419319351,73618
chr16,47000001,48000000,16q,0.398124,0.947745016469657,714
chr16,48000001,49000000,16q,0.435583,0.970347903177435,0
chr16,49000001,50000000,16q,0.470284,0.985458413465605,0
chr16,50000001,51000000,16q,0.45751,0.99128812000372,62
chr16,51000001,52000000,16q,0.418659,0.983049268905571,0
chr16,52000001,53000000,16q,0.395395,0.980931335237245,0
chr16,53000001,54000000,16q,0.400363,0.976199618443171,0
chr16,54000001,55000000,16q,0.432548,0.985418705077458,0
chr16,55000001,56000000,16q,0.438956,0.971376951322589,825
chr16,56000001,57000000,16q,0.447795,0.980141679861603,0
chr16,57000001,58000000,16q,0.495146,0.99069061631587,0
chr16,58000001,59000000,16q,0.448363,0.977748874672953,0
chr16,59000001,60000000,16q,0.373606,0.952002137974234,0
chr16,60000001,61000000,16q,0.366369,0.956381049104667,0
chr16,61000001,62000000,16q,0.361212,0.976083407760366,0
chr16,62000001,63000000,16q,0.36878,0.986961537594783,0
chr16,63000001,64000000,16q,0.362325,0.967166787153711,0
chr16,64000001,65000000,16q,0.370086,0.988888276707388,0
chr16,65000001,66000000,16q,0.410169,0.969146367180713,0
chr16,66000001,67000000,16q,0.467365,0.985112814327732,0
chr16,67000001,68000000,16q,0.504735,0.9857613188964,0
chr16,68000001,69000000,16q,0.46886,0.979759862931807,0
chr16,69000001,70000000,16q,0.442186,0.970005946085422,0
chr16,70000001,71000000,16q,0.477507,0.839890026951491,0
chr16,71000001,72000000,16q,0.425884,0.978623752086673,27
chr16,72000001,73000000,16q,0.410397,0.965993650879765,0
chr16,73000001,74000000,16q,0.425942,0.989320627523729,0
chr16,74000001,75000000,16q,0.434499,0.926499059814622,0
chr16,75000001,76000000,16q,0.443793,0.967325780110098,0
chr16,76000001,77000000,16q,0.365044,0.978798232018459,0
chr16,77000001,78000000,16q,0.41218,0.989324267519969,0
chr16,78000001,79000000,16q,0.425612,0.995257452641541,0
chr16,79000001,80000000,16q,0.427879,0.993825116253052,0
chr16,80000001,81000000,16q,0.414839,0.976865680544268,229
chr16,81000001,82000000,16q,0.475312,0.988283709700836,324
chr16,82000001,83000000,16q,0.418288,0.982678985927363,0
chr16,83000001,84000000,16q,0.43404,0.987658134817201,0
chr16,84000001,85000000,16q,0.491867,0.988477192868885,0
chr16,85000001,86000000,16q,0.537656,0.985619343402461,328
chr16,86000001,87000000,16q,0.487769,0.977045461543622,194
chr16,87000001,88000000,16q,0.508908,0.976455484477536,0
chr16,88000001,89000000,16q,0.540001,0.928648963685689,0
chr16,89000001,90000000,16q,0.546063,0.967862067957703,0
chr17,1,1000000,17p,0.456789,0.933835075783287,0
chr17,1000001,2000000,17p,0.519443,0.966460978913038,0
chr17,2000001,3000000,17p,0.479146,0.965998010809744,0
chr17,3000001,4000000,17p,0.46941,0.925025447896684,0
chr17,4000001,5000000,17p,0.495677,0.978816729637316,0
chr17,5000001,6000000,17p,0.454855,0.971136652673214,189
chr17,6000001,7000000,17p,0.464312,0.973857363721993,0
chr17,7000001,8000000,17p,0.51161,0.982404549788381,0
chr17,8000001,9000000,17p,0.468821,0.984686248125156,0
chr17,9000001,10000000,17p,0.459389,0.977205672341579,0
chr17,10000001,11000000,17p,0.433697,0.982669274062774,0
chr17,11000001,12000000,17p,0.424772,0.977834382769683,0
chr17,12000001,13000000,17p,0.412065,0.980806694618251,0
chr17,13000001,14000000,17p,0.399575,0.982164277013157,0
chr17,14000001,15000000,17p,0.405825,0.974976598307282,0
chr17,15000001,16000000,17p,0.434429,0.865941838793789,41
chr17,16000001,17000000,17p,0.454092,0.876496018085915,0
chr17,17000001,18000000,17p,0.510887,0.984191616022936,0
chr17,18000001,19000000,17p,0.483798,0.732963544890378,0
chr17,19000001,20000000,17p,0.466457,0.895887821843926,8358
chr17,20000001,21000000,17p,0.437739,0.786734853646336,0
chr17,21000001,22000000,17p,0.411779,0.927529213219825,32671
chr17,26000001,27000000,17q,0.454288,0.974530242991337,0
chr17,27000001,28000000,17q,0.476191,0.98312726527203,0
chr17,28000001,29000000,17q,0.413411,0.938660841612661,0
chr17,29000001,30000000,17q,0.44074,0.949365683750872,0
chr17,30000001,31000000,17q,0.442694,0.93665869131626,125
chr17,31000001,32000000,17q,0.438236,0.970577867082386,0
chr17,32000001,33000000,17q,0.447592,0.970105170813506,133
chr17,33000001,34000000,17q,0.4352,0.971931912073547,258
chr17,34000001,35000000,17q,0.437568,0.784606882909289,0
chr17,35000001,36000000,17q,0.441785,0.989330943614873,0
chr17,36000001,37000000,17q,0.485406,0.863367368609075,0
chr17,37000001,38000000,17q,0.478718,0.983427548147544,0
chr17,38000001,39000000,17q,0.46702,0.98727904126982,67
chr17,39000001,40000000,17q,0.456179,0.964674371466249,0
chr17,40000001,41000000,17q,0.491025,0.976946029744972,0
chr17,41000001,42000000,17q,0.476822,0.973477353141839,0
chr17,42000001,43000000,17q,0.492765,0.978295127168623,39
chr17,43000001,44000000,17q,0.49974,0.905527301305362,0
chr17,44000001,45000000,17q,0.43754,0.744782076489878,0
chr17,45000001,46000000,17q,0.446305,0.911452514998639,0
chr17,46000001,47000000,17q,0.454092,0.988988808402215,0
chr17,47000001,48000000,17q,0.474078,0.983564031971796,0
chr17,48000001,49000000,17q,0.506088,0.99114083620492,0
chr17,49000001,50000000,17q,0.421173,0.979383748620741,0
chr17,50000001,51000000,17q,0.372228,0.977044104264901,0
chr17,51000001,52000000,17q,0.356891,0.973935882611656,653
chr17,52000001,53000000,17q,0.373166,0.978390686013823,0
chr17,53000001,54000000,17q,0.399047,0.976385711579495,0
chr17,54000001,55000000,17q,0.416342,0.974622095026778,0
chr17,55000001,56000000,17q,0.46386,0.991239522738551,134
chr17,56000001,57000000,17q,0.442176,0.977975736071864,0
chr17,57000001,58000000,17q,0.419344,0.968209832900581,0
chr17,58000001,59000000,17q,0.417669,0.916679523533748,462
chr17,59000001,60000000,17q,0.402778,0.977715105054047,0
chr17,60000001,61000000,17q,0.433896,0.909398863730144,78
chr17,61000001,62000000,17q,0.430519,0.978603152919091,56
chr17,62000001,63000000,17q,0.42968,0.907601964422627,0
chr17,63000001,64000000,17q,0.428484,0.989774924851624,0
chr17,64000001,65000000,17q,0.435708,0.982621465430804,0
chr17,65000001,66000000,17q,0.434963,0.981446290925641,0
chr17,66000001,67000000,17q,0.428117,0.959863674871472,0
chr17,67000001,68000000,17q,0.381409,0.97617774916224,0
chr17,68000001,69000000,17q,0.37216,0.977941248758678,0
chr17,69000001,70000000,17q,0.381175,0.987233023897107,0
chr17,70000001,71000000,17q,0.457578,0.988970020023586,90
chr17,71000001,72000000,17q,0.491702,0.987519638363364,50
chr17,72000001,73000000,17q,0.514836,0.989753325355614,0
chr17,73000001,74000000,17q,0.512262,0.978138558760146,0
chr17,74000001,75000000,17q,0.504569,0.978903533346515,56
chr17,75000001,76000000,17q,0.499802,0.983964825546765,358
chr17,76000001,77000000,17q,0.50861,0.987402695600877,0
chr17,77000001,78000000,17q,0.516299,0.957584220440553,0
chr17,78000001,79000000,17q,0.5104,0.980596129977462,0
chr17,79000001,80000000,17q,0.553128,0.986169282346855,0
chr17,80000001,81000000,17q,0.536318,0.972873112830161,0
chr18,1000001,2000000,18p,0.365784,0.968922360326452,0
chr18,2000001,3000000,18p,0.390561,0.976504381152177,0
chr18,3000001,4000000,18p,0.416368,0.983643721955124,0
chr18,4000001,5000000,18p,0.376326,0.975671949974268,0
chr18,5000001,6000000,18p,0.39887,0.976697387699277,0
chr18,6000001,7000000,18p,0.398797,0.980567264194679,46
chr18,7000001,8000000,18p,0.417807,0.970485975403154,0
chr18,8000001,9000000,18p,0.42639,0.977350959907848,0
chr18,9000001,10000000,18p,0.410755,0.979285349482027,0
chr18,10000001,11000000,18p,0.426405,0.964653679925079,0
chr18,11000001,12000000,18p,0.424006,0.955076246660919,0
chr18,12000001,13000000,18p,0.437058,0.943216202930902,0
chr18,13000001,14000000,18p,0.438687,0.971382740805373,0
chr18,14000001,15000000,18p,0.408206,0.692843689874675,921
chr18,19000001,20000000,18q,0.421473,0.983353775606276,65
chr18,20000001,21000000,18q,0.416862,0.96250686885942,0
chr18,21000001,22000000,18q,0.423711,0.987050225976747,154
chr18,22000001,23000000,18q,0.402284,0.980600008976992,0
chr18,23000001,24000000,18q,0.390148,0.978298807827171,0
chr18,24000001,25000000,18q,0.396509,0.977182700823153,0
chr18,25000001,26000000,18q,0.372728,0.967045468487987,0
chr18,26000001,27000000,18q,0.352471,0.979666151943702,0
chr18,27000001,28000000,18q,0.346257,0.983780583209361,0
chr18,28000001,29000000,18q,0.361763,0.986051960256582,618
chr18,29000001,30000000,18q,0.40307,0.973465931485773,78
chr18,30000001,31000000,18q,0.368097,0.978741201975518,0
chr18,31000001,32000000,18q,0.358633,0.971002432237934,0
chr18,32000001,33000000,18q,0.386813,0.964826813643663,0
chr18,33000001,34000000,18q,0.414703,0.964756575057566,0
chr18,34000001,35000000,18q,0.423401,0.974725221887386,0
chr18,35000001,36000000,18q,0.412451,0.979028340966816,0
chr18,36000001,37000000,18q,0.367924,0.990646434184797,108
chr18,37000001,38000000,18q,0.367286,0.970852639422663,0
chr18,38000001,39000000,18q,0.355948,0.990437522974532,0
chr18,39000001,40000000,18q,0.378008,0.982400430067242,0
chr18,40000001,41000000,18q,0.36363,0.969444537243867,0
chr18,41000001,42000000,18q,0.361448,0.970703805954315,0
chr18,42000001,43000000,18q,0.40478,0.982207395581403,56
chr18,43000001,44000000,18q,0.440257,0.976910638415953,42
chr18,44000001,45000000,18q,0.435267,0.971756047681927,358
chr18,45000001,46000000,18q,0.445965,0.98075109594763,192
chr18,46000001,47000000,18q,0.447377,0.969522685043246,0
chr18,47000001,48000000,18q,0.440516,0.96419503226491,0
chr18,48000001,49000000,18q,0.42284,0.987455152817909,175
chr18,49000001,50000000,18q,0.387641,0.972146621442886,0
chr18,50000001,51000000,18q,0.367778,0.982139877238732,116
chr18,51000001,52000000,18q,0.37978,0.965232551611084,0
chr18,52000001,53000000,18q,0.325324,0.982481471211129,0
chr18,53000001,54000000,18q,0.385349,0.977000795807378,0
chr18,54000001,55000000,18q,0.395998,0.972112902080131,0
chr18,55000001,56000000,18q,0.430366,0.981812673164708,0
chr18,56000001,57000000,18q,0.435649,0.981689763146087,0
chr18,57000001,58000000,18q,0.405403,0.971264130096572,0
chr18,58000001,59000000,18q,0.362059,0.973158188864763,86
chr18,59000001,60000000,18q,0.391787,0.978294580573833,0
chr18,60000001,61000000,18q,0.422334,0.983044103880409,0
chr18,61000001,62000000,18q,0.390176,0.971142057125905,0
chr18,62000001,63000000,18q,0.355338,0.975237216998218,0
chr18,63000001,64000000,18q,0.347594,0.988880762711002,0
chr18,64000001,65000000,18q,0.342626,0.981338540168025,0
chr18,65000001,66000000,18q,0.350764,0.981800433954177,0
chr18,66000001,67000000,18q,0.354953,0.977481748706328,317
chr18,67000001,68000000,18q,0.373935,0.97730533043032,0
chr18,68000001,69000000,18q,0.380395,0.958678664412111,0
chr18,69000001,70000000,18q,0.350278,0.981195610684815,0
chr18,70000001,71000000,18q,0.369078,0.979110143837459,0
chr18,71000001,72000000,18q,0.398004,0.98048457671724,0
chr18,72000001,73000000,18q,0.398601,0.990370022195217,259
chr18,73000001,74000000,18q,0.412711,0.987969599396748,0
chr18,74000001,75000000,18q,0.450634,0.980394223901891,0
chr18,75000001,76000000,18q,0.391811,0.975085483497584,821
chr18,76000001,77000000,18q,0.455808,0.968059917950868,0
chr18,77000001,78000000,18q,0.499662,0.960344138776971,219
chr19,1000001,2000000,19p,0.591154,0.976133856594989,0
chr19,2000001,3000000,19p,0.545939,0.975908858968699,0
chr19,3000001,4000000,19p,0.555435,0.978234693989481,0
chr19,4000001,5000000,19p,0.541033,0.975423428825759,0
chr19,5000001,6000000,19p,0.531106,0.979064691232705,0
chr19,6000001,7000000,19p,0.490239,0.979706562092292,908
chr19,7000001,8000000,19p,0.482064,0.938361229985441,0
chr19,8000001,9000000,19p,0.478715,0.921094415402434,0
chr19,9000001,10000000,19p,0.449572,0.973002062170772,65
chr19,10000001,11000000,19p,0.521683,0.983924043855279,154
chr19,11000001,12000000,19p,0.499286,0.97593295070982,0
chr19,12000001,13000000,19p,0.467575,0.956585100958941,0
chr19,13000001,14000000,19p,0.504187,0.983747216770214,0
chr19,14000001,15000000,19p,0.502549,0.962306330821015,0
chr19,15000001,16000000,19p,0.478502,0.971365214505538,0
chr19,16000001,17000000,19p,0.499133,0.984350751044456,0
chr19,17000001,18000000,19p,0.524378,0.980551245803731,0
chr19,18000001,19000000,19p,0.544154,0.983182974796387,0
chr19,19000001,20000000,19p,0.507766,0.981741563021034,0
chr19,20000001,21000000,19p,0.385725,0.920984262620334,0
chr19,21000001,22000000,19p,0.409462,0.96165541200779,22755
chr19,22000001,23000000,19p,0.412984,0.929152007845606,152827
chr19,23000001,24000000,19p,0.413637,0.955388669678223,152051
chr19,28000001,29000000,19q,0.419065,0.959931961213132,144829
chr19,29000001,30000000,19q,0.446625,0.964050421614227,0
chr19,30000001,31000000,19q,0.472675,0.980984012360079,0
chr19,31000001,32000000,19q,0.442931,0.994619613541815,0
chr19,32000001,33000000,19q,0.428809,0.993601034227799,0
chr19,33000001,34000000,19q,0.484325,0.969769366907499,0
chr19,34000001,35000000,19q,0.468027,0.987914925554407,0
chr19,35000001,36000000,19q,0.468769,0.967676796605057,0
chr19,36000001,37000000,19q,0.505316,0.934706594930588,244
chr19,37000001,38000000,19q,0.422828,0.931322338812031,0
chr19,38000001,39000000,19q,0.477133,0.972535519222165,0
chr19,39000001,40000000,19q,0.512968,0.972993264675803,0
chr19,40000001,41000000,19q,0.46408,0.944024803986937,0
chr19,41000001,42000000,19q,0.49471,0.948540121866442,0
chr19,42000001,43000000,19q,0.50431,0.983208233036922,1902
chr19,43000001,44000000,19q,0.440531,0.804576207004603,1862
chr19,44000001,45000000,19q,0.434215,0.969886144340527,5951
chr19,45000001,46000000,19q,0.51852,0.980398294312085,1004
chr19,46000001,47000000,19q,0.497106,0.976542572894428,557
chr19,47000001,48000000,19q,0.506078,0.97656447594821,0
chr19,48000001,49000000,19q,0.495049,0.932834089496159,21
chr19,49000001,50000000,19q,0.522982,0.965399993231693,0
chr19,50000001,51000000,19q,0.523703,0.931854136244513,0
chr19,51000001,52000000,19q,0.502625,0.976216267256208,0
chr19,52000001,53000000,19q,0.436981,0.978604091947245,113
chr19,53000001,54000000,19q,0.448139,0.940554434908904,0
chr19,54000001,55000000,19q,0.497341,0.956049576608404,179
chr19,55000001,56000000,19q,0.505567,0.936653016732767,0
chr19,56000001,57000000,19q,0.471478,0.960238228036061,0
chr19,57000001,58000000,19q,0.440608,0.979368501119795,0
chr19,58000001,59000000,19q,0.474681,0.963743828054306,133
chr20,1000001,2000000,20p,0.447292,0.977326191278117,0
chr20,2000001,3000000,20p,0.449971,0.980381731310771,0
chr20,3000001,4000000,20p,0.468252,0.975501715645351,0
chr20,4000001,5000000,20p,0.445183,0.972877399444851,0
chr20,5000001,6000000,20p,0.432501,0.970609619440055,0
chr20,6000001,7000000,20p,0.394276,0.97931108184159,97
chr20,7000001,8000000,20p,0.369905,0.979366269220532,0
chr20,8000001,9000000,20p,0.381361,0.976754991218606,0
chr20,9000001,10000000,20p,0.391977,0.982285949725546,76
chr20,10000001,11000000,20p,0.404073,0.989924918164144,0
chr20,11000001,12000000,20p,0.384549,0.985926359083765,0
chr20,12000001,13000000,20p,0.387162,0.948526830024529,0
chr20,13000001,14000000,20p,0.397348,0.978941337483655,0
chr20,14000001,15000000,20p,0.372494,0.980733515154302,0
chr20,15000001,16000000,20p,0.385712,0.983675933949117,52
chr20,16000001,17000000,20p,0.406697,0.984718463570876,0
chr20,17000001,18000000,20p,0.438261,0.981548329466291,426
chr20,18000001,19000000,20p,0.426173,0.962332835622764,0
chr20,19000001,20000000,20p,0.433826,0.976130596671835,0
chr20,20000001,21000000,20p,0.417909,0.991521416243855,0
chr20,21000001,22000000,20p,0.41394,0.963010811861648,0
chr20,22000001,23000000,20p,0.413739,0.970856226420209,0
chr20,23000001,24000000,20p,0.450935,0.943402129801084,0
chr20,24000001,25000000,20p,0.452166,0.974766716916204,0
chr20,25000001,26000000,20p,0.453067,0.877703196070712,13890
chr20,30000001,31000000,20q,0.472358,0.979960618308597,0
chr20,31000001,32000000,20q,0.493287,0.986713052095207,0
chr20,32000001,33000000,20q,0.462952,0.973956300492256,0
chr20,33000001,34000000,20q,0.448745,0.976718313264683,0
chr20,34000001,35000000,20q,0.445713,0.985789193642627,0
chr20,35000001,36000000,20q,0.476255,0.977284704399035,0
chr20,36000001,37000000,20q,0.468474,0.993111665633912,0
chr20,37000001,38000000,20q,0.451018,0.983113635202364,0
chr20,38000001,39000000,20q,0.395978,0.968533112723865,0
chr20,39000001,40000000,20q,0.443445,0.980136867340797,0
chr20,40000001,41000000,20q,0.425269,0.974024253678014,0
chr20,41000001,42000000,20q,0.427482,0.978508535738646,0
chr20,42000001,43000000,20q,0.464975,0.976017124387527,0
chr20,43000001,44000000,20q,0.449177,0.990018083180675,0
chr20,44000001,45000000,20q,0.47037,0.975415526919525,0
chr20,45000001,46000000,20q,0.449782,0.992924335157771,106
chr20,46000001,47000000,20q,0.467196,0.968006177881004,0
chr20,47000001,48000000,20q,0.469818,0.976779770510115,0
chr20,48000001,49000000,20q,0.484521,0.988351059189556,0
chr20,49000001,50000000,20q,0.470655,0.989808587443574,0
chr20,50000001,51000000,20q,0.450211,0.987993545706686,0
chr20,51000001,52000000,20q,0.408077,0.991919037067526,0
chr20,52000001,53000000,20q,0.423049,0.96348093995181,152
chr20,53000001,54000000,20q,0.383236,0.965851504239066,0
chr20,54000001,55000000,20q,0.400084,0.96630143055,0
chr20,55000001,56000000,20q,0.479298,0.991186813664137,3411
chr20,56000001,57000000,20q,0.474881,0.993955516773171,0
chr20,57000001,58000000,20q,0.466271,0.991976651699259,0
chr20,58000001,59000000,20q,0.442351,0.984536886544916,0
chr20,59000001,60000000,20q,0.449386,0.985621535862263,0
chr20,60000001,61000000,20q,0.538784,0.983356957727708,177
chr20,61000001,62000000,20q,0.511824,0.991935962474586,236
chr20,62000001,63000000,20q,0.539261,0.938685519014128,1504
chr21,15000001,16000000,21q,0.394907,0.830470097821984,675
chr21,16000001,17000000,21q,0.375988,0.974618306247188,0
chr21,17000001,18000000,21q,0.357753,0.974779300353713,0
chr21,18000001,19000000,21q,0.377574,0.94782951862641,422
chr21,19000001,20000000,21q,0.37157,0.973500327602628,135
chr21,20000001,21000000,21q,0.351926,0.978507676747227,0
chr21,21000001,22000000,21q,0.349077,0.981922743889932,0
chr21,22000001,23000000,21q,0.348669,0.993585447631692,0
chr21,23000001,24000000,21q,0.351055,0.985696846329501,0
chr21,24000001,25000000,21q,0.344642,0.982956305044808,0
chr21,25000001,26000000,21q,0.355334,0.989008174399842,0
chr21,26000001,27000000,21q,0.365114,0.989141223771505,173
chr21,27000001,28000000,21q,0.39275,0.982861339063667,89
chr21,28000001,29000000,21q,0.368866,0.98373410845891,0
chr21,29000001,30000000,21q,0.36527,0.930112163709292,0
chr21,30000001,31000000,21q,0.395462,0.980071209760356,0
chr21,31000001,32000000,21q,0.37072,0.992277918007003,252
chr21,32000001,33000000,21q,0.414036,0.986167204072274,0
chr21,33000001,34000000,21q,0.442914,0.977832182926455,177
chr21,34000001,35000000,21q,0.431288,0.987263930877593,206
chr21,35000001,36000000,21q,0.433273,0.986202190551402,0
chr21,36000001,37000000,21q,0.418942,0.985377652792057,0
chr21,37000001,38000000,21q,0.444282,0.981130766156272,0
chr21,38000001,39000000,21q,0.431007,0.983246364895145,68
chr21,39000001,40000000,21q,0.422771,0.988411777838808,0
chr21,40000001,41000000,21q,0.432348,0.988092588525209,0
chr21,41000001,42000000,21q,0.418873,0.972561774033326,0
chr21,42000001,43000000,21q,0.420779,0.981942471875072,0
chr21,43000001,44000000,21q,0.4912,0.992790258048779,0
chr21,44000001,45000000,21q,0.487407,0.978015415403272,0
chr21,45000001,46000000,21q,0.524386,0.983097754585448,1149
chr21,46000001,47000000,21q,0.524326,0.983222209061934,0
chr21,47000001,48000000,21q,0.498178,0.97627572352702,557
chr22,16000001,17000000,22q,0.329662,0.42635680534651,16605
chr22,17000001,18000000,22q,0.439359,0.87602995459245,182
chr22,18000001,19000000,22q,0.478273,0.800756228732652,60
chr22,19000001,20000000,22q,0.504702,0.984456837523298,0
chr22,20000001,21000000,22q,0.473312,0.7494422526395,0
chr22,21000001,22000000,22q,0.498128,0.678396543178525,134
chr22,22000001,23000000,22q,0.46236,0.913667446886224,6604
chr22,23000001,24000000,22q,0.49273,0.952722688080716,175
chr22,24000001,25000000,22q,0.49525,0.919187331226231,0
chr22,25000001,26000000,22q,0.471705,0.921301292778627,0
chr22,26000001,27000000,22q,0.447931,0.987902173230659,0
chr22,27000001,28000000,22q,0.463731,0.99195641854723,175
chr22,28000001,29000000,22q,0.423567,0.960238215752669,0
chr22,29000001,30000000,22q,0.468111,0.963285755830116,0
chr22,30000001,31000000,22q,0.474538,0.987511834525781,0
chr22,31000001,32000000,22q,0.47289,0.975262912128541,0
chr22,32000001,33000000,22q,0.455019,0.968403303933041,0
chr22,33000001,34000000,22q,0.443324,0.986449201101454,0
chr22,34000001,35000000,22q,0.420057,0.984333705513226,0
chr22,35000001,36000000,22q,0.459715,0.968523101669741,0
chr22,36000001,37000000,22q,0.458699,0.977944394586737,0
chr22,37000001,38000000,22q,0.517508,0.994476637422232,0
chr22,38000001,39000000,22q,0.514845,0.967222646911021,0
chr22,39000001,40000000,22q,0.515268,0.975102261962233,0
chr22,40000001,41000000,22q,0.447605,0.984647774270938,0
chr22,41000001,42000000,22q,0.476974,0.977641484395915,0
chr22,42000001,43000000,22q,0.498943,0.962125511270091,0
chr22,43000001,44000000,22q,0.512922,0.984485864161701,0
chr22,44000001,45000000,22q,0.490628,0.988303944106278,0
chr22,45000001,46000000,22q,0.504762,0.986057460627434,0
chr22,46000001,47000000,22q,0.510994,0.990551795838587,0
chr22,47000001,48000000,22q,0.493381,0.983230941631932,0
chr22,48000001,49000000,22q,0.476026,0.993021456498936,0
chr22,49000001,50000000,22q,0.505769,0.982696301223019,808
chr22,50000001,51000000,22q,0.52129,0.982117339208266,0
chrX,1000001,2000000,Xp,0.414559,0.445616493246116,0
chrX,2000001,3000000,Xp,0.433513,0.633087281982086,0
chrX,3000001,4000000,Xp,0.426039,0.892898364996741,0
chrX,4000001,5000000,Xp,0.37647,0.98465374266516,0
chrX,5000001,6000000,Xp,0.37836,0.980147344708698,0
chrX,6000001,7000000,Xp,0.400466,0.963866254257596,0
chrX,7000001,8000000,Xp,0.378279,0.973470188149873,0
chrX,8000001,9000000,Xp,0.390275,0.966915317130049,0
chrX,9000001,10000000,Xp,0.446017,0.984765508891191,0
chrX,10000001,11000000,Xp,0.387579,0.965731508424372,0
chrX,11000001,12000000,Xp,0.392586,0.9567934439061,0
chrX,12000001,13000000,Xp,0.39797,0.964271173974396,0
chrX,13000001,14000000,Xp,0.410442,0.973556847914555,258
chrX,14000001,15000000,Xp,0.381289,0.955625851227583,0
chrX,15000001,16000000,Xp,0.395605,0.977103211679298,0
chrX,16000001,17000000,Xp,0.410882,0.953939420245373,538
chrX,17000001,18000000,Xp,0.417778,0.967250015254567,0
chrX,18000001,19000000,Xp,0.42002,0.972943341722176,0
chrX,19000001,20000000,Xp,0.428343,0.968040466242705,0
chrX,20000001,21000000,Xp,0.39608,0.962940349065413,257
chrX,21000001,22000000,Xp,0.376613,0.973322997018311,90
chrX,22000001,23000000,Xp,0.383965,0.975944681700561,0
chrX,23000001,24000000,Xp,0.407002,0.962254746372127,0
chrX,24000001,25000000,Xp,0.412255,0.978036006682582,31
chrX,25000001,26000000,Xp,0.382389,0.965802962913656,0
chrX,26000001,27000000,Xp,0.363593,0.96196647091827,0
chrX,27000001,28000000,Xp,0.364738,0.970648761996862,0
chrX,28000001,29000000,Xp,0.363203,0.961166960336653,0
chrX,29000001,30000000,Xp,0.36339,0.983636743797132,25
chrX,30000001,31000000,Xp,0.393229,0.962908708270282,156
chrX,31000001,32000000,Xp,0.378131,0.969893391226151,25
chrX,32000001,33000000,Xp,0.357809,0.980880363197276,179
chrX,33000001,34000000,Xp,0.35766,0.983850251359083,0
chrX,34000001,35000000,Xp,0.361775,0.977675788773131,90
chrX,35000001,36000000,Xp,0.367882,0.98029995763501,124
chrX,36000001,37000000,Xp,0.366597,0.963148359730005,206
chrX,37000001,38000000,Xp,0.369496,0.940587616954648,0
chrX,38000001,39000000,Xp,0.398472,0.982637876850247,0
chrX,39000001,40000000,Xp,0.467098,0.987458276359756,0
chrX,40000001,41000000,Xp,0.442087,0.98571382159641,0
chrX,41000001,42000000,Xp,0.408601,0.969284705350048,0
chrX,42000001,43000000,Xp,0.383097,0.954033808421367,0
chrX,43000001,44000000,Xp,0.392457,0.970980377605709,0
chrX,44000001,45000000,Xp,0.406962,0.973421724121041,0
chrX,45000001,46000000,Xp,0.392572,0.976522081043377,0
chrX,46000001,47000000,Xp,0.414245,0.966670904237009,0
chrX,47000001,48000000,Xp,0.445098,0.947832543999609,430
chrX,48000001,49000000,Xp,0.473969,0.904851415099018,0
chrX,49000001,50000000,Xp,0.401298,0.818227802692203,0
chrX,50000001,51000000,Xp,0.390676,0.955373000582297,0
chrX,51000001,52000000,Xp,0.398526,0.844909899991665,198
chrX,52000001,53000000,Xp,0.406499,0.561286066440006,0
chrX,53000001,54000000,Xp,0.440226,0.953778976873,0
chrX,54000001,55000000,Xp,0.424275,0.926790893722334,70
chrX,55000001,56000000,Xp,0.396041,0.897827018475475,5775
chrX,56000001,57000000,Xp,0.394261,0.885177537935878,0
chrX,57000001,58000000,Xp,0.384382,0.915211277278075,0
chrX,62000001,63000000,Xq,0.383594,0.871022384646286,39206
chrX,63000001,64000000,Xq,0.396315,0.893957963132848,0
chrX,64000001,65000000,Xq,0.402153,0.929536902391878,0
chrX,65000001,66000000,Xq,0.386924,0.929045391056878,25
chrX,66000001,67000000,Xq,0.37999,0.919573349617508,0
chrX,67000001,68000000,Xq,0.406548,0.93379547696561,0
chrX,68000001,69000000,Xq,0.450357,0.956345685428369,0
chrX,69000001,70000000,Xq,0.410569,0.924521929954442,0
chrX,70000001,71000000,Xq,0.444191,0.905379616196948,0
chrX,71000001,72000000,Xq,0.423473,0.924024842941389,0
chrX,72000001,73000000,Xq,0.395428,0.811914067620571,0
chrX,73000001,74000000,Xq,0.407882,0.948044581321939,262
chrX,74000001,75000000,Xq,0.388867,0.892014931102088,0
chrX,75000001,76000000,Xq,0.384241,0.891929912693855,0
chrX,76000001,77000000,Xq,0.371939,0.917781888768658,0
chrX,77000001,78000000,Xq,0.386018,0.941940084141451,0
chrX,78000001,79000000,Xq,0.366889,0.958227873793315,0
chrX,79000001,80000000,Xq,0.371429,0.924342653415904,0
chrX,80000001,81000000,Xq,0.366101,0.94281459510568,0
chrX,81000001,82000000,Xq,0.362194,0.953130138055736,0
chrX,82000001,83000000,Xq,0.362994,0.943811701154126,0
chrX,83000001,84000000,Xq,0.358133,0.963403290075111,355
chrX,84000001,85000000,Xq,0.369282,0.942902860416319,0
chrX,85000001,86000000,Xq,0.3658,0.95172052580783,0
chrX,86000001,87000000,Xq,0.359101,0.951620478308627,0
chrX,87000001,88000000,Xq,0.358859,0.964185197405743,0
chrX,88000001,89000000,Xq,0.355425,0.76762830265552,274
chrX,89000001,90000000,Xq,0.35753,0.639490175462543,0
chrX,90000001,91000000,Xq,0.362928,0.726825964991359,0
chrX,91000001,92000000,Xq,0.360155,0.622601834640548,0
chrX,92000001,93000000,Xq,0.363591,0.834374841397933,0
chrX,93000001,94000000,Xq,0.360606,0.976738113699638,429
chrX,94000001,95000000,Xq,0.35854,0.967814266844726,0
chrX,95000001,96000000,Xq,0.371812,0.943002307669337,0
chrX,96000001,97000000,Xq,0.371889,0.969856611127378,396
chrX,97000001,98000000,Xq,0.371083,0.953584441357631,462
chrX,98000001,99000000,Xq,0.357999,0.973424017967413,0
chrX,99000001,100000000,Xq,0.38698,0.95219568682347,0
chrX,100000001,101000000,Xq,0.41457,0.946404215853906,0
chrX,101000001,102000000,Xq,0.399663,0.799439740625268,0
chrX,102000001,103000000,Xq,0.404481,0.954887852821807,0
chrX,103000001,104000000,Xq,0.406838,0.914186683243832,0
chrX,104000001,105000000,Xq,0.373267,0.95174077642659,0
chrX,105000001,106000000,Xq,0.376005,0.939337119587754,0
chrX,106000001,107000000,Xq,0.411386,0.958795902897407,0
chrX,107000001,108000000,Xq,0.390892,0.96251434712262,0
chrX,108000001,109000000,Xq,0.382638,0.937855092935728,482
chrX,109000001,110000000,Xq,0.403222,0.954297518990933,0
chrX,110000001,111000000,Xq,0.387664,0.962974046815058,0
chrX,111000001,112000000,Xq,0.391632,0.934407494740426,0
chrX,112000001,113000000,Xq,0.376642,0.959500193977057,0
chrX,113000001,114000000,Xq,0.347024,0.954802928518062,0
chrX,114000001,115000000,Xq,0.392969,0.928478285829359,0
chrX,115000001,116000000,Xq,0.355927,0.94088902356728,145
chrX,116000001,117000000,Xq,0.374809,0.936692737566782,0
chrX,117000001,118000000,Xq,0.396741,0.954347140215588,279
chrX,118000001,119000000,Xq,0.44096,0.966297017856345,0
chrX,119000001,120000000,Xq,0.415419,0.917421993590094,0
chrX,120000001,121000000,Xq,0.361276,0.901480527007896,0
chrX,121000001,122000000,Xq,0.366683,0.955344910849753,0
chrX,122000001,123000000,Xq,0.395123,0.969808505157084,0
chrX,123000001,124000000,Xq,0.38559,0.969033534974626,0
chrX,124000001,125000000,Xq,0.365799,0.965609743844335,0
chrX,125000001,126000000,Xq,0.359191,0.947405495514234,1581
chrX,126000001,127000000,Xq,0.356137,0.936226674284344,0
chrX,127000001,128000000,Xq,0.364981,0.96670801711832,0
chrX,128000001,129000000,Xq,0.410636,0.945113748445366,0
chrX,129000001,130000000,Xq,0.425719,0.96865809382785,0
chrX,130000001,131000000,Xq,0.394047,0.924264253916159,282
chrX,131000001,132000000,Xq,0.390583,0.96032436054119,0
chrX,132000001,133000000,Xq,0.41156,0.967756141763188,0
chrX,133000001,134000000,Xq,0.405845,0.970025119001721,140
chrX,134000001,135000000,Xq,0.418748,0.846339775551412,55
chrX,135000001,136000000,Xq,0.411781,0.977340030963115,0
chrX,136000001,137000000,Xq,0.402298,0.963587961492248,0
chrX,137000001,138000000,Xq,0.381862,0.95291988859615,0
chrX,138000001,139000000,Xq,0.387986,0.962089174159038,0
chrX,139000001,140000000,Xq,0.397823,0.961523714633476,215
chrX,140000001,141000000,Xq,0.387061,0.797718332428333,0
chrX,141000001,142000000,Xq,0.37541,0.948508559392111,0
chrX,142000001,143000000,Xq,0.373935,0.974323772120422,0
chrX,143000001,144000000,Xq,0.344425,0.913747307112975,0
chrX,144000001,145000000,Xq,0.3764,0.980139146601043,0
chrX,145000001,146000000,Xq,0.376839,0.96278403041834,0
chrX,146000001,147000000,Xq,0.372387,0.965147378137767,0
chrX,147000001,148000000,Xq,0.387314,0.95655158480728,0
chrX,148000001,149000000,Xq,0.398546,0.887147740406482,0
chrX,149000001,150000000,Xq,0.408613,0.952885890456375,0
chrX,150000001,151000000,Xq,0.425227,0.966233641800207,0
chrX,151000001,152000000,Xq,0.403004,0.897552478565934,0
chrX,152000001,153000000,Xq,0.478121,0.876851176580166,0
chrX,153000001,154000000,Xq,0.519866,0.864377554094559,0
chrX,154000001,155000000,Xq,0.390074,0.834037678402349,0
chrY,1000001,2000000,Yp,0.415218,0.448949206714588,0
chrY,2000001,3000000,Yp,0.412476,0.63122387003537,0
chrY,3000001,4000000,Yp,0.358644,0.601387373184067,186
chrY,4000001,5000000,Yp,0.360764,0.587818607452888,0
chrY,5000001,6000000,Yp,0.359788,0.593747331131557,0
chrY,6000001,7000000,Yp,0.398569,0.697868110206647,0
chrY,7000001,8000000,Yp,0.409424,0.914358947790856,171978
chrY,8000001,9000000,Yp,0.389486,0.959745207331981,125800
chrY,9000001,10000000,Yp,0.39592,0.662070110414153,17380
chrY,14000001,15000000,Yq,0.408762,0.946072475343106,0
chrY,15000001,16000000,Yq,0.387778,0.936098849533795,0
chrY,16000001,17000000,Yq,0.388385,0.91267590776443,0
chrY,17000001,18000000,Yq,0.389397,0.942609820105578,0
chrY,18000001,19000000,Yq,0.374976,0.855508752346944,0
chrY,19000001,20000000,Yq,0.389587,0.735486366626074,37226
chrY,20000001,21000000,Yq,0.369553,0.49373156878943,37223
chrY,21000001,22000000,Yq,0.38854,0.940643680030155,0
chrY,22000001,23000000,Yq,0.374117,0.809474963366868,0
chrY,23000001,24000000,Yq,0.37614,0.86043136972748,31021
chrY,24000001,25000000,Yq,0.398876,0.434024315041882,32818
chrY,25000001,26000000,Yq,0.387084,0.312867682439684,108655
chrY,26000001,27000000,Yq,0.399729,0.33958548036315,139835
chrY,27000001,28000000,Yq,0.399159,0.347289454723283,139829
chrY,28000001,29000000,Yq,0.31738,0.550369290767537,35541
chrY,29000001,30000000,Yq,0,0,0
chrY,30000001,31000000,Yq,0,0,0
chrY,31000001,32000000,Yq,0,0,0
chrY,32000001,33000000,Yq,0,0,0
chrY,33000001,34000000,Yq,0,0,0
chrY,34000001,35000000,Yq,0,0,0
chrY,35000001,36000000,Yq,0,0,0
chrY,36000001,37000000,Yq,0,0,0
chrY,37000001,38000000,Yq,0,0,0
chrY,38000001,39000000,Yq,0,0,0
chrY,39000001,40000000,Yq,0,0,0
chrY,40000001,41000000,Yq,0,0,0
chrY,41000001,42000000,Yq,0,0,0
chrY,42000001,43000000,Yq,0,0,0
chrY,43000001,44000000,Yq,0,0,0
chrY,44000001,45000000,Yq,0,0,0
chrY,45000001,46000000,Yq,0,0,0
chrY,46000001,47000000,Yq,0,0,0
chrY,47000001,48000000,Yq,0,0,0
chrY,48000001,49000000,Yq,0,0,0
chrY,49000001,50000000,Yq,0,0,0
chrY,50000001,51000000,Yq,0,0,0
chrY,51000001,52000000,Yq,0,0,0
chrY,52000001,53000000,Yq,0,0,0
chrY,53000001,54000000,Yq,0,0,0
chrY,54000001,55000000,Yq,0,0,0
chrY,55000001,56000000,Yq,0,0,0
chrY,56000001,57000000,Yq,0,0,0
chrY,57000001,58000000,Yq,0,0,0
chrY,58000001,59000000,Yq,0.052556,0.27490778948324,124150
